,Run ID,Date,Time,Model Name,Model Author,Num Classes,Accuracy,Balanced Accuracy,AUC Score,Average Precision,F1 Score,Precision,Recall,Samples In Train,Samples In Test,Model Description,Column Predicted,Num Features Used,Data and Split Description,Normalized,Num Features Normalized,Feature Extraction,Was Untested Data Predicted,run,stain,num_dead,num_live,size
0,azBw73gPm3QJm,2019-07-23,16:39:56,random_forest_classification,Hamed,2,0.99,0.99,0.9990000000000001,0.9990000000000001,0.99,0.985,0.995,48000,12000,"Random Forest: n_estimators=361, max_features=auto, criterion=entropy, min_samples_leaf=13, n_jobs=-1",class_label,12,r1c7cpt3djxuj_r1c7fex29q6t2_stain,True,12,False,True,r1c7cpt3djxuj_r1c7fex29q6t2,True,30000.0,30000.0,460.5170185988091
1,aPegjqPlPgqpL,2019-07-23,19:58:20,random_forest_classification,Hamed,2,0.986,0.986,0.997,0.995,0.986,0.977,0.996,48000,12000,"Random Forest: n_estimators=361, max_features=auto, criterion=entropy, min_samples_leaf=13, n_jobs=-1",class_label,9,r1c7cpt3djxuj_r1c7fex29q6t2_no_stain,True,9,False,True,r1c7cpt3djxuj_r1c7fex29q6t2,False,30000.0,30000.0,426.8697949366878
2,5pN1JLrglO2zb,2019-07-23,16:39:56,random_forest_classification,Hamed,2,0.988,0.988,0.998,0.997,0.988,0.982,0.995,48000,12000,"Random Forest: n_estimators=361, max_features=auto, criterion=entropy, min_samples_leaf=13, n_jobs=-1",class_label,12,r1cft9hhnhjdb_r1cfwgjmz247y_stain,True,12,False,True,r1cft9hhnhjdb_r1cfwgjmz247y,True,30000.0,30000.0,442.2848629194136
3,56YaRqQQZlmz8,2019-07-23,19:58:20,random_forest_classification,Hamed,2,0.986,0.986,0.996,0.9940000000000001,0.986,0.978,0.9940000000000001,48000,12000,"Random Forest: n_estimators=361, max_features=auto, criterion=entropy, min_samples_leaf=13, n_jobs=-1",class_label,9,r1cft9hhnhjdb_r1cfwgjmz247y_no_stain,True,9,False,True,r1cft9hhnhjdb_r1cfwgjmz247y,False,30000.0,30000.0,426.8697949366878
4,QRBQd29kLGyqk,2019-07-23,16:39:58,random_forest_classification,Hamed,2,0.99,0.99,0.9990000000000001,0.9990000000000001,0.99,0.992,0.988,48000,12000,"Random Forest: n_estimators=361, max_features=auto, criterion=entropy, min_samples_leaf=13, n_jobs=-1",class_label,12,r1cyeyjwbefaf2_r1cys7qtr6j42x_stain,True,12,False,True,r1cyeyjwbefaf2_r1cys7qtr6j42x,True,30000.0,30000.0,460.5170185988091
5,Eml681B9p1zAe,2019-07-23,19:58:26,random_forest_classification,Hamed,2,0.98,0.98,0.9940000000000001,0.991,0.98,0.97,0.99,48000,12000,"Random Forest: n_estimators=361, max_features=auto, criterion=entropy, min_samples_leaf=13, n_jobs=-1",class_label,9,r1cyeyjwbefaf2_r1cys7qtr6j42x_no_stain,True,9,False,True,r1cyeyjwbefaf2_r1cys7qtr6j42x,False,30000.0,30000.0,391.2023005428145
6,QRBxGWQPojNYe,2019-07-23,16:39:58,random_forest_classification,Hamed,2,0.9840000000000001,0.983,0.998,0.997,0.985,0.981,0.99,43494,10874,"Random Forest: n_estimators=361, max_features=auto, criterion=entropy, min_samples_leaf=13, n_jobs=-1",class_label,12,r1c84xwx57y95_r1c8ejz8jfg9z_stain,True,12,False,True,r1c84xwx57y95_r1c8ejz8jfg9z,True,24368.0,30000.0,413.5166556742361
7,aPQ6agkRqe7bd,2019-07-23,19:58:22,random_forest_classification,Hamed,2,0.9620000000000001,0.9590000000000001,0.9890000000000001,0.9890000000000001,0.966,0.9470000000000001,0.987,43494,10874,"Random Forest: n_estimators=361, max_features=auto, criterion=entropy, min_samples_leaf=13, n_jobs=-1",class_label,9,r1c84xwx57y95_r1c8ejz8jfg9z_no_stain,True,9,False,True,r1c84xwx57y95_r1c8ejz8jfg9z,False,24368.0,30000.0,327.01691192557536
8,5xWrGzO2OpYM,2019-07-23,16:43:54,random_forest_classification,Hamed,2,0.9840000000000001,0.9840000000000001,0.998,0.998,0.985,0.9790000000000001,0.99,46125,11532,"Random Forest: n_estimators=361, max_features=auto, criterion=entropy, min_samples_leaf=13, n_jobs=-1",class_label,12,r1c84y2j7n7bu_r1c8aw59wfxy8_stain,True,12,False,True,r1c84y2j7n7bu_r1c8aw59wfxy8,True,27657.0,30000.0,413.5166556742361
9,66PYyDoEzgVOO,2019-07-23,19:58:24,random_forest_classification,Hamed,2,0.96,0.9590000000000001,0.991,0.991,0.9620000000000001,0.9440000000000001,0.981,46125,11532,"Random Forest: n_estimators=361, max_features=auto, criterion=entropy, min_samples_leaf=13, n_jobs=-1",class_label,9,r1c84y2j7n7bu_r1c8aw59wfxy8_no_stain,True,9,False,True,r1c84y2j7n7bu_r1c8aw59wfxy8,False,27657.0,30000.0,321.88758248681995
10,QzdkaLaQN3oj7,2019-07-23,16:45:18,random_forest_classification,Hamed,2,0.992,0.992,0.9990000000000001,0.9990000000000001,0.992,0.987,0.996,48000,12000,"Random Forest: n_estimators=361, max_features=auto, criterion=entropy, min_samples_leaf=13, n_jobs=-1",class_label,12,r1c7cpvfzqprk_r1c7fbvba55db_stain,True,12,False,True,r1c7cpvfzqprk_r1c7fbvba55db,True,30000.0,30000.0,482.83137373023004
11,563zwqM7kE1x5,2019-07-23,19:58:21,random_forest_classification,Hamed,2,0.987,0.987,0.997,0.995,0.987,0.977,0.997,48000,12000,"Random Forest: n_estimators=361, max_features=auto, criterion=entropy, min_samples_leaf=13, n_jobs=-1",class_label,9,r1c7cpvfzqprk_r1c7fbvba55db_no_stain,True,9,False,True,r1c7cpvfzqprk_r1c7fbvba55db,False,30000.0,30000.0,434.28059215205997
12,QzXYoWWgEQlB9,2019-07-23,16:45:19,random_forest_classification,Hamed,2,0.976,0.976,0.997,0.997,0.976,0.98,0.973,48000,12000,"Random Forest: n_estimators=361, max_features=auto, criterion=entropy, min_samples_leaf=13, n_jobs=-1",class_label,12,r1cdcetsvxgc2_r1cdfa6jrtssc_stain,True,12,False,True,r1cdcetsvxgc2_r1cdfa6jrtssc,True,30000.0,30000.0,372.9701448634191
13,56q5N6RYQYwD5,2019-07-23,19:58:22,random_forest_classification,Hamed,2,0.972,0.972,0.995,0.9940000000000001,0.972,0.9670000000000001,0.977,48000,12000,"Random Forest: n_estimators=361, max_features=auto, criterion=entropy, min_samples_leaf=13, n_jobs=-1",class_label,9,r1cdcetsvxgc2_r1cdfa6jrtssc_no_stain,True,9,False,True,r1cdcetsvxgc2_r1cdfa6jrtssc,False,30000.0,30000.0,357.5550768806932
14,6goO5Ndk3Re5Y,2019-07-23,16:45:38,random_forest_classification,Hamed,2,0.986,0.986,0.998,0.998,0.987,0.9840000000000001,0.9890000000000001,47057,11765,"Random Forest: n_estimators=361, max_features=auto, criterion=entropy, min_samples_leaf=13, n_jobs=-1",class_label,12,r1c8yyg9gxbme_r1c96wn43pq45_stain,True,12,False,True,r1c8yyg9gxbme_r1c96wn43pq45,True,28822.0,30000.0,426.8697949366878
15,QzpXGwNG7bBVe,2019-07-23,19:58:26,random_forest_classification,Hamed,2,0.958,0.958,0.988,0.985,0.96,0.938,0.9840000000000001,47057,11765,"Random Forest: n_estimators=361, max_features=auto, criterion=entropy, min_samples_leaf=13, n_jobs=-1",class_label,9,r1c8yyg9gxbme_r1c96wn43pq45_no_stain,True,9,False,True,r1c8yyg9gxbme_r1c96wn43pq45,False,28822.0,30000.0,317.0085660698768
16,adJkPVWxObQDV,2019-07-23,16:49:47,random_forest_classification,Hamed,2,0.982,0.982,0.997,0.997,0.983,0.978,0.987,48000,12000,"Random Forest: n_estimators=361, max_features=auto, criterion=entropy, min_samples_leaf=13, n_jobs=-1",class_label,12,r1ce3pjymvm3u_r1ceb3rgpe8gm_stain,True,12,False,True,r1ce3pjymvm3u_r1ceb3rgpe8gm,True,30000.0,30000.0,401.73835210859716
17,aPQyR2a5J29od,2019-07-23,19:58:22,random_forest_classification,Hamed,2,0.978,0.978,0.9940000000000001,0.991,0.9790000000000001,0.968,0.99,48000,12000,"Random Forest: n_estimators=361, max_features=auto, criterion=entropy, min_samples_leaf=13, n_jobs=-1",class_label,9,r1ce3pjymvm3u_r1ceb3rgpe8gm_no_stain,True,9,False,True,r1ce3pjymvm3u_r1ceb3rgpe8gm,False,30000.0,30000.0,381.67128256238203
18,6dGXYg6agbogl,2019-07-23,16:50:18,random_forest_classification,Hamed,2,0.992,0.992,0.9990000000000001,0.9990000000000001,0.992,0.99,0.9940000000000001,48000,12000,"Random Forest: n_estimators=361, max_features=auto, criterion=entropy, min_samples_leaf=13, n_jobs=-1",class_label,12,r1ce3pqt45vfe_r1ce7qf5e483u_stain,True,12,False,True,r1ce3pqt45vfe_r1ce7qf5e483u,True,30000.0,30000.0,482.83137373023004
19,QzbdbWq3N6Vxe,2019-07-23,19:58:22,random_forest_classification,Hamed,2,0.993,0.993,0.9990000000000001,0.9990000000000001,0.993,0.991,0.995,48000,12000,"Random Forest: n_estimators=361, max_features=auto, criterion=entropy, min_samples_leaf=13, n_jobs=-1",class_label,9,r1ce3pqt45vfe_r1ce7qf5e483u_no_stain,True,9,False,True,r1ce3pqt45vfe_r1ce7qf5e483u,False,30000.0,30000.0,496.18451299268224
20,EomA1ZVgzZ7Ay,2019-07-23,16:50:29,random_forest_classification,Hamed,2,0.9670000000000001,0.9670000000000001,0.9890000000000001,0.9840000000000001,0.9670000000000001,0.95,0.985,48000,12000,"Random Forest: n_estimators=361, max_features=auto, criterion=entropy, min_samples_leaf=13, n_jobs=-1",class_label,12,r1ce3ppkyswxf_r1ce7qk6h482m_stain,True,12,False,True,r1ce3ppkyswxf_r1ce7qk6h482m,True,30000.0,30000.0,341.1247717515659
21,QjYzX2BmYx6ek,2019-07-23,20:03:43,random_forest_classification,Hamed,2,0.9690000000000001,0.9690000000000001,0.99,0.986,0.9690000000000001,0.9540000000000001,0.985,48000,12000,"Random Forest: n_estimators=361, max_features=auto, criterion=entropy, min_samples_leaf=13, n_jobs=-1",class_label,9,r1ce3ppkyswxf_r1ce7qk6h482m_no_stain,True,9,False,True,r1ce3ppkyswxf_r1ce7qk6h482m,False,30000.0,30000.0,347.37680744969936
22,5yo1pM2WAvL8,2019-07-23,16:50:52,random_forest_classification,Hamed,2,0.9620000000000001,0.9620000000000001,0.992,0.99,0.963,0.9490000000000001,0.977,48000,12000,"Random Forest: n_estimators=361, max_features=auto, criterion=entropy, min_samples_leaf=13, n_jobs=-1",class_label,12,r1ceuhvgf7b4y_r1cf2yr353x5j_stain,True,12,False,True,r1ceuhvgf7b4y_r1cf2yr353x5j,True,30000.0,30000.0,327.01691192557536
23,QRqbl6kpBBzr,2019-07-23,20:04:00,random_forest_classification,Hamed,2,0.9540000000000001,0.9540000000000001,0.988,0.983,0.9540000000000001,0.937,0.972,48000,12000,"Random Forest: n_estimators=361, max_features=auto, criterion=entropy, min_samples_leaf=13, n_jobs=-1",class_label,9,r1ceuhvgf7b4y_r1cf2yr353x5j_no_stain,True,9,False,True,r1ceuhvgf7b4y_r1cf2yr353x5j,False,30000.0,30000.0,307.91138824930437
24,6DlMMzoqY3LoY,2019-07-23,16:54:28,random_forest_classification,Hamed,2,0.997,0.897,0.988,0.794,0.775,0.7559999999999999,0.795,24155,6039,"Random Forest: n_estimators=361, max_features=auto, criterion=entropy, min_samples_leaf=13, n_jobs=-1",class_label,12,r1cwvvxz5d7wua_r1cx7ucsnkjfsb_stain,True,12,False,True,r1cwvvxz5d7wua_r1cx7ucsnkjfsb,True,30000.0,194.0,580.9142990314027
25,55gwZWRyN9bV5,2019-07-23,18:33:30,random_forest_classification,Hamed,2,0.996,0.909,0.985,0.82,0.7440000000000001,0.6809999999999999,0.821,24155,6039,"Random Forest: n_estimators=361, max_features=auto, criterion=entropy, min_samples_leaf=13, n_jobs=-1",class_label,9,r1cwvvxz5d7wua_r1cx7ucsnkjfsb_no_stain,True,9,False,True,r1cwvvxz5d7wua_r1cx7ucsnkjfsb,False,30000.0,194.0,552.1460917862245
26,EzDo2wgXNmNj1,2019-07-23,16:55:16,random_forest_classification,Hamed,2,0.963,0.9079999999999999,0.956,0.992,0.9790000000000001,0.982,0.976,26651,6663,"Random Forest: n_estimators=361, max_features=auto, criterion=entropy, min_samples_leaf=13, n_jobs=-1",class_label,12,r1c84y3r9yqxb_r1c8auwvzbgt3_stain,True,12,False,True,r1c84y3r9yqxb_r1c8auwvzbgt3,True,3314.0,30000.0,329.68373663379117
27,58bN1wMOjjAY,2019-07-23,20:04:11,random_forest_classification,Hamed,2,0.95,0.865,0.9279999999999999,0.987,0.972,0.973,0.971,26651,6663,"Random Forest: n_estimators=361, max_features=auto, criterion=entropy, min_samples_leaf=13, n_jobs=-1",class_label,9,r1c84y3r9yqxb_r1c8auwvzbgt3_no_stain,True,9,False,True,r1c84y3r9yqxb_r1c8auwvzbgt3,False,3314.0,30000.0,299.573227355399
28,6a6wQOexeANVM,2019-07-23,16:55:19,random_forest_classification,Hamed,2,0.982,0.982,0.997,0.996,0.982,0.976,0.988,48000,12000,"Random Forest: n_estimators=361, max_features=auto, criterion=entropy, min_samples_leaf=13, n_jobs=-1",class_label,12,r1c8yydkumrkr_r1c96xsxw79c9_stain,True,12,False,True,r1c8yydkumrkr_r1c96xsxw79c9,True,30000.0,30000.0,401.73835210859716
29,5Dy6GbVpLRXY,2019-07-23,20:04:15,random_forest_classification,Hamed,2,0.97,0.97,0.993,0.991,0.971,0.953,0.9890000000000001,48000,12000,"Random Forest: n_estimators=361, max_features=auto, criterion=entropy, min_samples_leaf=13, n_jobs=-1",class_label,9,r1c8yydkumrkr_r1c96xsxw79c9_no_stain,True,9,False,True,r1c8yydkumrkr_r1c96xsxw79c9,False,30000.0,30000.0,350.6557897319981
30,ErB1vgpQmjvj1,2019-07-23,16:55:58,random_forest_classification,Hamed,2,0.99,0.99,0.9990000000000001,0.9990000000000001,0.99,0.99,0.99,48000,12000,"Random Forest: n_estimators=361, max_features=auto, criterion=entropy, min_samples_leaf=13, n_jobs=-1",class_label,12,r1cgbw3xk7pau_r1cgpa54x8ff3_stain,True,12,False,True,r1cgbw3xk7pau_r1cgpa54x8ff3,True,30000.0,30000.0,460.5170185988091
31,EVBWzXprkwd8,2019-07-23,20:04:20,random_forest_classification,Hamed,2,0.978,0.978,0.9940000000000001,0.991,0.978,0.965,0.991,48000,12000,"Random Forest: n_estimators=361, max_features=auto, criterion=entropy, min_samples_leaf=13, n_jobs=-1",class_label,9,r1cgbw3xk7pau_r1cgpa54x8ff3_no_stain,True,9,False,True,r1cgbw3xk7pau_r1cgpa54x8ff3,False,30000.0,30000.0,381.67128256238203
32,6bVzxlxexOgel,2019-07-23,16:56:30,random_forest_classification,Hamed,2,0.976,0.976,0.998,0.998,0.976,0.977,0.9740000000000001,48000,12000,"Random Forest: n_estimators=361, max_features=auto, criterion=entropy, min_samples_leaf=13, n_jobs=-1",class_label,12,r1cckyh56hjqj_r1ccpyjef2vca_stain,True,12,False,True,r1cckyh56hjqj_r1ccpyjef2vca,True,30000.0,30000.0,372.9701448634191
33,EYpQ8VQA2Jbr8,2019-07-23,20:04:32,random_forest_classification,Hamed,2,0.976,0.976,0.997,0.997,0.976,0.975,0.977,48000,12000,"Random Forest: n_estimators=361, max_features=auto, criterion=entropy, min_samples_leaf=13, n_jobs=-1",class_label,9,r1cckyh56hjqj_r1ccpyjef2vca_no_stain,True,9,False,True,r1cckyh56hjqj_r1ccpyjef2vca,False,30000.0,30000.0,372.9701448634191
34,QaWjlrzG2BZZ3,2019-07-23,17:00:37,random_forest_classification,Hamed,2,0.95,0.95,0.988,0.987,0.951,0.935,0.968,48000,12000,"Random Forest: n_estimators=361, max_features=auto, criterion=entropy, min_samples_leaf=13, n_jobs=-1",class_label,12,r1cfkpp2p3kjz_r1cftpr8wxqc7_stain,True,12,False,True,r1cfkpp2p3kjz_r1cftpr8wxqc7,True,30000.0,30000.0,299.573227355399
35,6AWgRNq5Z6Lzl,2019-07-23,20:04:51,random_forest_classification,Hamed,2,0.9179999999999999,0.9179999999999999,0.968,0.9590000000000001,0.922,0.879,0.968,48000,12000,"Random Forest: n_estimators=361, max_features=auto, criterion=entropy, min_samples_leaf=13, n_jobs=-1",class_label,9,r1cfkpp2p3kjz_r1cftpr8wxqc7_no_stain,True,9,False,True,r1cfkpp2p3kjz_r1cftpr8wxqc7,False,30000.0,30000.0,250.1036031717883
36,ageXRWXdad3W6,2019-07-23,17:00:47,random_forest_classification,Hamed,2,0.996,0.996,1.0,1.0,0.996,0.995,0.997,48000,12000,"Random Forest: n_estimators=361, max_features=auto, criterion=entropy, min_samples_leaf=13, n_jobs=-1",class_label,12,r1cbut53kpf3n_r1cc3bn2s2aj8_stain,True,12,False,True,r1cbut53kpf3n_r1cc3bn2s2aj8,True,30000.0,30000.0,552.1460917862245
37,aY2g1OGqDooMV,2019-07-23,19:12:32,random_forest_classification,Hamed,2,0.996,0.996,1.0,1.0,0.997,0.996,0.997,48000,12000,"Random Forest: n_estimators=361, max_features=auto, criterion=entropy, min_samples_leaf=13, n_jobs=-1",class_label,9,r1cbut53kpf3n_r1cc3bn2s2aj8_no_stain,True,9,False,True,r1cbut53kpf3n_r1cc3bn2s2aj8,False,30000.0,30000.0,552.1460917862245
38,agBLmdPNyPjWb,2019-07-23,17:00:56,random_forest_classification,Hamed,2,0.948,0.948,0.9890000000000001,0.987,0.9490000000000001,0.9309999999999999,0.968,48000,12000,"Random Forest: n_estimators=361, max_features=auto, criterion=entropy, min_samples_leaf=13, n_jobs=-1",class_label,12,r1c8xx7we38vw_r1c93cukfcxqp_stain,True,12,False,True,r1c8xx7we38vw_r1c93cukfcxqp,True,30000.0,30000.0,295.6511560400709
39,EQpOVymBXaRl1,2019-07-23,20:05:00,random_forest_classification,Hamed,2,0.894,0.894,0.961,0.956,0.897,0.8690000000000001,0.9279999999999999,48000,12000,"Random Forest: n_estimators=361, max_features=auto, criterion=entropy, min_samples_leaf=13, n_jobs=-1",class_label,9,r1c8xx7we38vw_r1c93cukfcxqp_no_stain,True,9,False,True,r1c8xx7we38vw_r1c93cukfcxqp,False,30000.0,30000.0,224.431618487007
40,ENl716jgEMmOP,2019-07-23,17:01:48,random_forest_classification,Hamed,2,0.973,0.973,0.995,0.9940000000000001,0.9740000000000001,0.9640000000000001,0.983,48000,12000,"Random Forest: n_estimators=361, max_features=auto, criterion=entropy, min_samples_leaf=13, n_jobs=-1",class_label,12,r1cdcesknarkf_r1cdfg4x5uuwp_stain,True,12,False,True,r1cdcesknarkf_r1cdfg4x5uuwp,True,30000.0,30000.0,361.19184129778074
41,a3aNzXZ7EjyN6,2019-07-23,20:05:11,random_forest_classification,Hamed,2,0.973,0.973,0.9940000000000001,0.992,0.9740000000000001,0.9620000000000001,0.985,48000,12000,"Random Forest: n_estimators=361, max_features=auto, criterion=entropy, min_samples_leaf=13, n_jobs=-1",class_label,9,r1cdcesknarkf_r1cdfg4x5uuwp_no_stain,True,9,False,True,r1cdcesknarkf_r1cdfg4x5uuwp,False,30000.0,30000.0,361.19184129778074
42,Q6pYzA5vmdBzr,2019-07-23,17:03:39,random_forest_classification,Hamed,2,0.981,0.981,0.996,0.9940000000000001,0.981,0.975,0.987,48000,12000,"Random Forest: n_estimators=361, max_features=auto, criterion=entropy, min_samples_leaf=13, n_jobs=-1",class_label,12,r1cdhymqfs6b3_r1cdnzf4hbuz2_stain,True,12,False,True,r1cdhymqfs6b3_r1cdnzf4hbuz2,True,30000.0,30000.0,396.33162998156956
43,EQk255Pa3zAjY,2019-07-23,20:05:11,random_forest_classification,Hamed,2,0.982,0.982,0.996,0.9940000000000001,0.982,0.976,0.988,48000,12000,"Random Forest: n_estimators=361, max_features=auto, criterion=entropy, min_samples_leaf=13, n_jobs=-1",class_label,9,r1cdhymqfs6b3_r1cdnzf4hbuz2_no_stain,True,9,False,True,r1cdhymqfs6b3_r1cdnzf4hbuz2,False,30000.0,30000.0,401.73835210859716
44,QolpWxQLQEw1P,2019-07-23,17:05:45,random_forest_classification,Hamed,2,0.996,0.995,1.0,0.9990000000000001,0.9890000000000001,0.9840000000000001,0.995,30027,7507,"Random Forest: n_estimators=361, max_features=auto, criterion=entropy, min_samples_leaf=13, n_jobs=-1",class_label,12,r1d6r8mvznxxme_r1d8jxmssfag5w_stain,True,12,False,True,r1d6r8mvznxxme_r1d8jxmssfag5w,True,30000.0,7534.0,552.1460917862245
45,azB92dq9W8W8w,2019-07-23,18:34:28,random_forest_classification,Hamed,2,0.996,0.995,1.0,0.9990000000000001,0.99,0.987,0.993,30027,7507,"Random Forest: n_estimators=361, max_features=auto, criterion=entropy, min_samples_leaf=13, n_jobs=-1",class_label,9,r1d6r8mvznxxme_r1d8jxmssfag5w_no_stain,True,9,False,True,r1d6r8mvznxxme_r1d8jxmssfag5w,False,30000.0,7534.0,552.1460917862245
46,QzGyjD8vB6rkk,2019-07-23,17:06:35,random_forest_classification,Hamed,2,0.99,0.99,0.9990000000000001,0.9990000000000001,0.99,0.985,0.995,48000,12000,"Random Forest: n_estimators=361, max_features=auto, criterion=entropy, min_samples_leaf=13, n_jobs=-1",class_label,12,r1c7cprv7fe49_r1c7jmje3ebhc_stain,True,12,False,True,r1c7cprv7fe49_r1c7jmje3ebhc,True,30000.0,30000.0,460.5170185988091
47,Q67PmkrWeXew3,2019-07-23,20:09:33,random_forest_classification,Hamed,2,0.986,0.986,0.997,0.995,0.986,0.977,0.996,48000,12000,"Random Forest: n_estimators=361, max_features=auto, criterion=entropy, min_samples_leaf=13, n_jobs=-1",class_label,9,r1c7cprv7fe49_r1c7jmje3ebhc_no_stain,True,9,False,True,r1c7cprv7fe49_r1c7jmje3ebhc,False,30000.0,30000.0,426.8697949366878
48,EmLbPN6lw3RXP,2019-07-23,17:06:46,random_forest_classification,Hamed,2,0.976,0.976,0.997,0.997,0.976,0.973,0.9790000000000001,48000,12000,"Random Forest: n_estimators=361, max_features=auto, criterion=entropy, min_samples_leaf=13, n_jobs=-1",class_label,12,r1cdfr4bjcnrg_r1cdnuqex83dm_stain,True,12,False,True,r1cdfr4bjcnrg_r1cdnuqex83dm,True,30000.0,30000.0,372.9701448634191
49,5Ox5XGgrddvZ2,2019-07-23,20:09:54,random_forest_classification,Hamed,2,0.97,0.97,0.9940000000000001,0.993,0.97,0.9620000000000001,0.9790000000000001,48000,12000,"Random Forest: n_estimators=361, max_features=auto, criterion=entropy, min_samples_leaf=13, n_jobs=-1",class_label,9,r1cdfr4bjcnrg_r1cdnuqex83dm_no_stain,True,9,False,True,r1cdfr4bjcnrg_r1cdnuqex83dm,False,30000.0,30000.0,350.6557897319981
50,EMBjBgg2B7op1,2019-07-23,17:07:30,random_forest_classification,Hamed,2,0.981,0.981,0.998,0.9990000000000001,0.981,0.982,0.98,48000,12000,"Random Forest: n_estimators=361, max_features=auto, criterion=entropy, min_samples_leaf=13, n_jobs=-1",class_label,12,r1ccqf9jq2wvd_r1cctubuxvmvs_stain,True,12,False,True,r1ccqf9jq2wvd_r1cctubuxvmvs,True,30000.0,30000.0,396.33162998156956
51,6OWjJj5WaDOv3,2019-07-23,20:09:58,random_forest_classification,Hamed,2,0.978,0.978,0.997,0.996,0.978,0.973,0.983,48000,12000,"Random Forest: n_estimators=361, max_features=auto, criterion=entropy, min_samples_leaf=13, n_jobs=-1",class_label,9,r1ccqf9jq2wvd_r1cctubuxvmvs_no_stain,True,9,False,True,r1ccqf9jq2wvd_r1cctubuxvmvs,False,30000.0,30000.0,381.67128256238203
52,azlJDdNxExpDm,2019-07-23,17:08:39,random_forest_classification,Hamed,2,0.992,0.992,1.0,0.9990000000000001,0.992,0.987,0.996,48000,12000,"Random Forest: n_estimators=361, max_features=auto, criterion=entropy, min_samples_leaf=13, n_jobs=-1",class_label,12,r1cbut3veu2z4_r1cc6efukqtxx_stain,True,12,False,True,r1cbut3veu2z4_r1cc6efukqtxx,True,30000.0,30000.0,482.83137373023004
53,QP7j9gPkROm3k,2019-07-23,20:10:00,random_forest_classification,Hamed,2,0.991,0.991,0.998,0.997,0.991,0.9840000000000001,0.998,48000,12000,"Random Forest: n_estimators=361, max_features=auto, criterion=entropy, min_samples_leaf=13, n_jobs=-1",class_label,9,r1cbut3veu2z4_r1cc6efukqtxx_no_stain,True,9,False,True,r1cbut3veu2z4_r1cc6efukqtxx,False,30000.0,30000.0,471.0530701645917
54,EajkpDldOR2Bx,2019-07-23,17:10:44,random_forest_classification,Hamed,2,0.99,0.99,0.9990000000000001,0.998,0.99,0.99,0.99,48000,12000,"Random Forest: n_estimators=361, max_features=auto, criterion=entropy, min_samples_leaf=13, n_jobs=-1",class_label,12,r1cfkpuz2kr6c_r1cfpvk5hjkzb_stain,True,12,False,True,r1cfkpuz2kr6c_r1cfpvk5hjkzb,True,30000.0,30000.0,460.5170185988091
55,6OMLk5AqWZvlG,2019-07-23,20:10:18,random_forest_classification,Hamed,2,0.92,0.92,0.975,0.971,0.924,0.88,0.972,48000,12000,"Random Forest: n_estimators=361, max_features=auto, criterion=entropy, min_samples_leaf=13, n_jobs=-1",class_label,9,r1cfkpuz2kr6c_r1cfpvk5hjkzb_no_stain,True,9,False,True,r1cfkpuz2kr6c_r1cfpvk5hjkzb,False,30000.0,30000.0,252.5728644308256
56,QPbyOypW5eP8o,2019-07-23,17:11:12,random_forest_classification,Hamed,2,0.995,0.983,0.9990000000000001,0.987,0.951,0.934,0.9690000000000001,25283,6321,"Random Forest: n_estimators=361, max_features=auto, criterion=entropy, min_samples_leaf=13, n_jobs=-1",class_label,12,r1dag7xpmgar9k_r1dakfqtk7hpzb_stain,True,12,False,True,r1dag7xpmgar9k_r1dakfqtk7hpzb,True,30000.0,1604.0,529.8317366548035
57,5ZpGrW7NkpQ6w,2019-07-23,19:13:14,random_forest_classification,Hamed,2,0.996,0.9890000000000001,0.998,0.987,0.965,0.9490000000000001,0.981,25283,6321,"Random Forest: n_estimators=361, max_features=auto, criterion=entropy, min_samples_leaf=13, n_jobs=-1",class_label,9,r1dag7xpmgar9k_r1dakfqtk7hpzb_no_stain,True,9,False,True,r1dag7xpmgar9k_r1dakfqtk7hpzb,False,30000.0,1604.0,552.1460917862245
58,Qj118MWNkDpOe,2019-07-23,17:12:06,random_forest_classification,Hamed,2,0.982,0.982,0.997,0.997,0.982,0.977,0.987,48000,12000,"Random Forest: n_estimators=361, max_features=auto, criterion=entropy, min_samples_leaf=13, n_jobs=-1",class_label,12,r1cgbw8qkp6z4_r1cgjpjx5ve76_stain,True,12,False,True,r1cgbw8qkp6z4_r1cgjpjx5ve76,True,30000.0,30000.0,401.73835210859716
59,5Z5No2YeYopX2,2019-07-23,19:13:13,random_forest_classification,Hamed,2,0.9740000000000001,0.9740000000000001,0.9940000000000001,0.993,0.9740000000000001,0.96,0.9890000000000001,48000,12000,"Random Forest: n_estimators=361, max_features=auto, criterion=entropy, min_samples_leaf=13, n_jobs=-1",class_label,9,r1cgbw8qkp6z4_r1cgjpjx5ve76_no_stain,True,9,False,True,r1cgbw8qkp6z4_r1cgjpjx5ve76,False,30000.0,30000.0,364.9658740960658
60,EA2JMDwZb3gM,2019-07-23,17:12:33,random_forest_classification,Hamed,2,0.99,0.99,0.998,0.998,0.99,0.986,0.9940000000000001,48000,12000,"Random Forest: n_estimators=361, max_features=auto, criterion=entropy, min_samples_leaf=13, n_jobs=-1",class_label,12,r1cgbw7hjvxgx_r1cgjxrexhd4j_stain,True,12,False,True,r1cgbw7hjvxgx_r1cgjxrexhd4j,True,30000.0,30000.0,460.5170185988091
61,5ZO55oYOarkPy,2019-07-23,20:10:33,random_forest_classification,Hamed,2,0.986,0.986,0.996,0.993,0.986,0.976,0.996,48000,12000,"Random Forest: n_estimators=361, max_features=auto, criterion=entropy, min_samples_leaf=13, n_jobs=-1",class_label,9,r1cgbw7hjvxgx_r1cgjxrexhd4j_no_stain,True,9,False,True,r1cgbw7hjvxgx_r1cgjxrexhd4j,False,30000.0,30000.0,426.8697949366878
62,5p8yPwgWxQQjY,2019-07-23,17:15:38,random_forest_classification,Hamed,2,0.987,0.987,0.998,0.998,0.988,0.986,0.9890000000000001,46961,11741,"Random Forest: n_estimators=361, max_features=auto, criterion=entropy, min_samples_leaf=13, n_jobs=-1",class_label,12,r1c5va9wyf3mx_r1c63bjzu5ruy_stain,True,12,False,True,r1c5va9wyf3mx_r1c63bjzu5ruy,True,28702.0,30000.0,434.28059215205997
63,QgNzPoGpy3DeP,2019-07-23,20:10:40,random_forest_classification,Hamed,2,0.973,0.973,0.995,0.993,0.9740000000000001,0.9620000000000001,0.986,46961,11741,"Random Forest: n_estimators=361, max_features=auto, criterion=entropy, min_samples_leaf=13, n_jobs=-1",class_label,9,r1c5va9wyf3mx_r1c63bjzu5ruy_no_stain,True,9,False,True,r1c5va9wyf3mx_r1c63bjzu5ruy,False,28702.0,30000.0,361.19184129778074
64,EWlA1o5gWMAR1,2019-07-23,17:15:39,random_forest_classification,Hamed,2,0.9640000000000001,0.96,0.992,0.9670000000000001,0.893,0.84,0.9540000000000001,22260,5566,"Random Forest: n_estimators=361, max_features=auto, criterion=entropy, min_samples_leaf=13, n_jobs=-1",class_label,12,r1c5vad8u7ve2_r1c66q7cru28u_stain,True,12,False,True,r1c5vad8u7ve2_r1c66q7cru28u,True,23491.0,4335.0,332.4236340526029
65,Qj7MgJP3kJj1P,2019-07-23,20:10:56,random_forest_classification,Hamed,2,0.955,0.9440000000000001,0.986,0.948,0.865,0.81,0.9279999999999999,22260,5566,"Random Forest: n_estimators=361, max_features=auto, criterion=entropy, min_samples_leaf=13, n_jobs=-1",class_label,9,r1c5vad8u7ve2_r1c66q7cru28u_no_stain,True,9,False,True,r1c5vad8u7ve2_r1c66q7cru28u,False,23491.0,4335.0,310.1092789211816
66,am1WbNQLW3A86,2019-07-23,17:16:38,random_forest_classification,Hamed,2,0.981,0.981,0.997,0.996,0.981,0.968,0.995,48000,12000,"Random Forest: n_estimators=361, max_features=auto, criterion=entropy, min_samples_leaf=13, n_jobs=-1",class_label,12,r1c7cpu9nj2bu_r1c7fg23qkzph_stain,True,12,False,True,r1c7cpu9nj2bu_r1c7fg23qkzph,True,30000.0,30000.0,396.33162998156956
67,5DVZW7RZqDZY,2019-07-23,20:11:24,random_forest_classification,Hamed,2,0.976,0.976,0.995,0.993,0.977,0.961,0.993,48000,12000,"Random Forest: n_estimators=361, max_features=auto, criterion=entropy, min_samples_leaf=13, n_jobs=-1",class_label,9,r1c7cpu9nj2bu_r1c7fg23qkzph_no_stain,True,9,False,True,r1c7cpu9nj2bu_r1c7fg23qkzph,False,30000.0,30000.0,372.9701448634191
68,Q6aPVMz9L88X1,2019-07-23,17:17:45,random_forest_classification,Hamed,2,0.99,0.99,0.9990000000000001,0.9990000000000001,0.99,0.986,0.9940000000000001,48000,12000,"Random Forest: n_estimators=361, max_features=auto, criterion=entropy, min_samples_leaf=13, n_jobs=-1",class_label,12,r1cyey8rzxq269_r1cysrdt3pvt5n_stain,True,12,False,True,r1cyey8rzxq269_r1cysrdt3pvt5n,True,30000.0,30000.0,460.5170185988091
69,aLEGgpd1mvWZL,2019-07-23,20:11:47,random_forest_classification,Hamed,2,0.988,0.988,0.997,0.996,0.9890000000000001,0.981,0.996,48000,12000,"Random Forest: n_estimators=361, max_features=auto, criterion=entropy, min_samples_leaf=13, n_jobs=-1",class_label,9,r1cyey8rzxq269_r1cysrdt3pvt5n_no_stain,True,9,False,True,r1cyey8rzxq269_r1cysrdt3pvt5n,False,30000.0,30000.0,442.2848629194136
70,EQEvgZgQydgrP,2019-07-23,17:20:22,random_forest_classification,Hamed,2,0.9840000000000001,0.9840000000000001,0.9990000000000001,0.9990000000000001,0.9840000000000001,0.988,0.9790000000000001,48000,12000,"Random Forest: n_estimators=361, max_features=auto, criterion=entropy, min_samples_leaf=13, n_jobs=-1",class_label,12,r1ccqfbz332u8_r1cctaf8r32rc_stain,True,12,False,True,r1ccqfbz332u8_r1cctaf8r32rc,True,30000.0,30000.0,413.5166556742361
71,62gWweWVOa1oY,2019-07-23,20:13:54,random_forest_classification,Hamed,2,0.9740000000000001,0.9740000000000001,0.996,0.996,0.975,0.9690000000000001,0.981,48000,12000,"Random Forest: n_estimators=361, max_features=auto, criterion=entropy, min_samples_leaf=13, n_jobs=-1",class_label,9,r1ccqfbz332u8_r1cctaf8r32rc_no_stain,True,9,False,True,r1ccqfbz332u8_r1cctaf8r32rc,False,30000.0,30000.0,364.9658740960658
72,QMzBBQ81ZM769,2019-07-23,17:21:10,random_forest_classification,Hamed,2,0.9670000000000001,0.9670000000000001,0.992,0.9890000000000001,0.9670000000000001,0.95,0.985,48000,12000,"Random Forest: n_estimators=361, max_features=auto, criterion=entropy, min_samples_leaf=13, n_jobs=-1",class_label,12,r1c8yx25rrtag_r1c96v2w8x5pq_stain,True,12,False,True,r1c8yx25rrtag_r1c96v2w8x5pq,True,30000.0,30000.0,341.1247717515659
73,5V2xOykYd332G,2019-07-23,19:13:38,random_forest_classification,Hamed,2,0.9640000000000001,0.9640000000000001,0.99,0.986,0.965,0.9470000000000001,0.9840000000000001,48000,12000,"Random Forest: n_estimators=361, max_features=auto, criterion=entropy, min_samples_leaf=13, n_jobs=-1",class_label,9,r1c8yx25rrtag_r1c96v2w8x5pq_no_stain,True,9,False,True,r1c8yx25rrtag_r1c96v2w8x5pq,False,30000.0,30000.0,332.4236340526029
74,age52mzJdVDgB,2019-07-23,17:22:16,random_forest_classification,Hamed,2,0.982,0.982,0.9990000000000001,0.9990000000000001,0.982,0.986,0.9790000000000001,48000,12000,"Random Forest: n_estimators=361, max_features=auto, criterion=entropy, min_samples_leaf=13, n_jobs=-1",class_label,12,r1cctw7qh3777_r1ccwxr4t3wb6_stain,True,12,False,True,r1cctw7qh3777_r1ccwxr4t3wb6,True,30000.0,30000.0,401.73835210859716
75,ER5D5OqQbV7xy,2019-07-23,20:14:12,random_forest_classification,Hamed,2,0.975,0.975,0.995,0.9940000000000001,0.975,0.973,0.978,48000,12000,"Random Forest: n_estimators=361, max_features=auto, criterion=entropy, min_samples_leaf=13, n_jobs=-1",class_label,9,r1cctw7qh3777_r1ccwxr4t3wb6_no_stain,True,9,False,True,r1cctw7qh3777_r1ccwxr4t3wb6,False,30000.0,30000.0,368.88794541139356
76,QORwy17JrbPbe,2019-07-23,17:23:04,random_forest_classification,Hamed,2,0.976,0.976,0.995,0.9940000000000001,0.976,0.97,0.982,48000,12000,"Random Forest: n_estimators=361, max_features=auto, criterion=entropy, min_samples_leaf=13, n_jobs=-1",class_label,12,r1cckyfwfae4d_r1ccq83ggacxc_stain,True,12,False,True,r1cckyfwfae4d_r1ccq83ggacxc,True,30000.0,30000.0,372.9701448634191
77,Qgd2yD2Z3peXq,2019-07-23,19:13:35,random_forest_classification,Hamed,2,0.975,0.975,0.995,0.993,0.975,0.966,0.985,48000,12000,"Random Forest: n_estimators=361, max_features=auto, criterion=entropy, min_samples_leaf=13, n_jobs=-1",class_label,9,r1cckyfwfae4d_r1ccq83ggacxc_no_stain,True,9,False,True,r1cckyfwfae4d_r1ccq83ggacxc,False,30000.0,30000.0,368.88794541139356
78,5OeMAgwkJylPy,2019-07-23,17:25:05,random_forest_classification,Hamed,2,0.993,0.992,0.998,0.9940000000000001,0.9590000000000001,0.93,0.99,26100,6525,"Random Forest: n_estimators=361, max_features=auto, criterion=entropy, min_samples_leaf=13, n_jobs=-1",class_label,12,r1ce3p3p7j77n_r1ceevbnsqku2_stain,True,12,False,True,r1ce3p3p7j77n_r1ceevbnsqku2,True,30000.0,2625.0,496.18451299268224
79,EpEgexGdoLaEA,2019-07-23,19:13:20,random_forest_classification,Hamed,2,0.9940000000000001,0.991,0.998,0.995,0.961,0.935,0.9890000000000001,26100,6525,"Random Forest: n_estimators=361, max_features=auto, criterion=entropy, min_samples_leaf=13, n_jobs=-1",class_label,9,r1ce3p3p7j77n_r1ceevbnsqku2_no_stain,True,9,False,True,r1ce3p3p7j77n_r1ceevbnsqku2,False,30000.0,2625.0,511.59958097541
80,5Ma9YQ51bzbeY,2019-07-23,17:25:44,random_forest_classification,Hamed,2,0.992,0.99,0.9990000000000001,0.997,0.982,0.977,0.986,30808,7703,"Random Forest: n_estimators=361, max_features=auto, criterion=entropy, min_samples_leaf=13, n_jobs=-1",class_label,12,r1cwvvwryt3q49_r1cx4ux3zcdt4w_stain,True,12,False,True,r1cwvvwryt3q49_r1cx4ux3zcdt4w,True,30000.0,8511.0,482.83137373023004
81,Q9687mMAOl9J1,2019-07-23,20:15:23,random_forest_classification,Hamed,2,0.992,0.99,0.9990000000000001,0.995,0.982,0.9790000000000001,0.985,30808,7703,"Random Forest: n_estimators=361, max_features=auto, criterion=entropy, min_samples_leaf=13, n_jobs=-1",class_label,9,r1cwvvwryt3q49_r1cx4ux3zcdt4w_no_stain,True,9,False,True,r1cwvvwryt3q49_r1cx4ux3zcdt4w,False,30000.0,8511.0,482.83137373023004
82,QoYqMM5ye96wr,2019-07-23,17:26:54,random_forest_classification,Hamed,2,0.9740000000000001,0.9740000000000001,0.996,0.995,0.975,0.9690000000000001,0.98,48000,12000,"Random Forest: n_estimators=361, max_features=auto, criterion=entropy, min_samples_leaf=13, n_jobs=-1",class_label,12,r1ceuhrtvgyvd_r1cf6kx2a233e_stain,True,12,False,True,r1ceuhrtvgyvd_r1cf6kx2a233e,True,30000.0,30000.0,364.9658740960658
83,5ovDeyXl61dlw,2019-07-23,20:15:59,random_forest_classification,Hamed,2,0.968,0.968,0.993,0.99,0.9690000000000001,0.96,0.978,48000,12000,"Random Forest: n_estimators=361, max_features=auto, criterion=entropy, min_samples_leaf=13, n_jobs=-1",class_label,9,r1ceuhrtvgyvd_r1cf6kx2a233e_no_stain,True,9,False,True,r1ceuhrtvgyvd_r1cf6kx2a233e,False,30000.0,30000.0,344.201937618241
84,EYpgykMmxMoPy,2019-07-23,17:27:03,random_forest_classification,Hamed,2,0.983,0.983,0.997,0.996,0.983,0.977,0.99,48000,12000,"Random Forest: n_estimators=361, max_features=auto, criterion=entropy, min_samples_leaf=13, n_jobs=-1",class_label,12,r1cgbw55mdzsa_r1cgp2v2jqn9h_stain,True,12,False,True,r1cgbw55mdzsa_r1cgp2v2jqn9h,True,30000.0,30000.0,407.45419349259197
85,5oPYWMRG16yj2,2019-07-23,20:16:10,random_forest_classification,Hamed,2,0.972,0.972,0.993,0.991,0.973,0.956,0.99,48000,12000,"Random Forest: n_estimators=361, max_features=auto, criterion=entropy, min_samples_leaf=13, n_jobs=-1",class_label,9,r1cgbw55mdzsa_r1cgp2v2jqn9h_no_stain,True,9,False,True,r1cgbw55mdzsa_r1cgp2v2jqn9h,False,30000.0,30000.0,357.5550768806932
86,QMyXOWe9eZpY9,2019-07-23,17:28:24,random_forest_classification,Hamed,2,0.986,0.986,0.998,0.998,0.986,0.98,0.992,48000,12000,"Random Forest: n_estimators=361, max_features=auto, criterion=entropy, min_samples_leaf=13, n_jobs=-1",class_label,12,r1cgbw6bqmemz_r1cgnt4s2c5ty_stain,True,12,False,True,r1cgbw6bqmemz_r1cgnt4s2c5ty,True,30000.0,30000.0,426.8697949366878
87,QEMgolrLrX1L9,2019-07-23,20:16:14,random_forest_classification,Hamed,2,0.982,0.982,0.995,0.993,0.982,0.972,0.992,48000,12000,"Random Forest: n_estimators=361, max_features=auto, criterion=entropy, min_samples_leaf=13, n_jobs=-1",class_label,9,r1cgbw6bqmemz_r1cgnt4s2c5ty_no_stain,True,9,False,True,r1cgbw6bqmemz_r1cgnt4s2c5ty,False,30000.0,30000.0,401.73835210859716
88,6q8w2RBA72axY,2019-07-23,17:29:13,random_forest_classification,Hamed,2,0.9840000000000001,0.9840000000000001,0.998,0.998,0.9840000000000001,0.976,0.992,48000,12000,"Random Forest: n_estimators=361, max_features=auto, criterion=entropy, min_samples_leaf=13, n_jobs=-1",class_label,12,r1cbut2pdjtwv_r1cc6qzwcd4hx_stain,True,12,False,True,r1cbut2pdjtwv_r1cc6qzwcd4hx,True,30000.0,30000.0,413.5166556742361
89,a9dD735WkXvb,2019-07-23,19:14:03,random_forest_classification,Hamed,2,0.981,0.981,0.995,0.993,0.981,0.968,0.995,48000,12000,"Random Forest: n_estimators=361, max_features=auto, criterion=entropy, min_samples_leaf=13, n_jobs=-1",class_label,9,r1cbut2pdjtwv_r1cc6qzwcd4hx_no_stain,True,9,False,True,r1cbut2pdjtwv_r1cc6qzwcd4hx,False,30000.0,30000.0,396.33162998156956
90,aYyBm8NGVeYNb,2019-07-23,17:32:22,random_forest_classification,Hamed,2,0.99,0.99,0.9990000000000001,0.9990000000000001,0.9890000000000001,0.99,0.988,48000,12000,"Random Forest: n_estimators=361, max_features=auto, criterion=entropy, min_samples_leaf=13, n_jobs=-1",class_label,12,r1c5vaeb8vbt9_r1c66mfpj7guh_stain,True,12,False,True,r1c5vaeb8vbt9_r1c66mfpj7guh,True,30000.0,30000.0,460.5170185988091
91,Eaz7evMgzzQ1y,2019-07-23,20:16:45,random_forest_classification,Hamed,2,0.97,0.97,0.9940000000000001,0.992,0.97,0.951,0.99,48000,12000,"Random Forest: n_estimators=361, max_features=auto, criterion=entropy, min_samples_leaf=13, n_jobs=-1",class_label,9,r1c5vaeb8vbt9_r1c66mfpj7guh_no_stain,True,9,False,True,r1c5vaeb8vbt9_r1c66mfpj7guh,False,30000.0,30000.0,350.6557897319981
92,6bNPWx2lgNVBl,2019-07-23,17:32:24,random_forest_classification,Hamed,2,0.98,0.98,0.997,0.996,0.98,0.9740000000000001,0.987,48000,12000,"Random Forest: n_estimators=361, max_features=auto, criterion=entropy, min_samples_leaf=13, n_jobs=-1",class_label,12,r1cfkptta6kuc_r1cfq4k72rwba_stain,True,12,False,True,r1cfkptta6kuc_r1cfq4k72rwba,True,30000.0,30000.0,391.2023005428145
93,aYma2pPbbYVpB,2019-07-23,20:16:45,random_forest_classification,Hamed,2,0.9620000000000001,0.9620000000000001,0.986,0.9790000000000001,0.963,0.9390000000000001,0.988,48000,12000,"Random Forest: n_estimators=361, max_features=auto, criterion=entropy, min_samples_leaf=13, n_jobs=-1",class_label,9,r1cfkptta6kuc_r1cfq4k72rwba_no_stain,True,9,False,True,r1cfkptta6kuc_r1cfq4k72rwba,False,30000.0,30000.0,327.01691192557536
94,EplaZ62xDw62J,2019-07-23,17:33:13,random_forest_classification,Hamed,2,0.987,0.987,0.9990000000000001,0.9990000000000001,0.987,0.988,0.987,48000,12000,"Random Forest: n_estimators=361, max_features=auto, criterion=entropy, min_samples_leaf=13, n_jobs=-1",class_label,12,r1cckyeq9r358_r1ccqgmy5ffcd_stain,True,12,False,True,r1cckyeq9r358_r1ccqgmy5ffcd,True,30000.0,30000.0,434.28059215205997
95,EeZYRBezLv6Yy,2019-07-23,20:17:24,random_forest_classification,Hamed,2,0.98,0.98,0.997,0.996,0.98,0.973,0.988,48000,12000,"Random Forest: n_estimators=361, max_features=auto, criterion=entropy, min_samples_leaf=13, n_jobs=-1",class_label,9,r1cckyeq9r358_r1ccqgmy5ffcd_no_stain,True,9,False,True,r1cckyeq9r358_r1ccqgmy5ffcd,False,30000.0,30000.0,391.2023005428145
96,Qg8NX2AqL7LrP,2019-07-23,17:33:18,random_forest_classification,Hamed,2,0.97,0.97,0.993,0.9890000000000001,0.971,0.958,0.9840000000000001,48000,12000,"Random Forest: n_estimators=361, max_features=auto, criterion=entropy, min_samples_leaf=13, n_jobs=-1",class_label,12,r1ceuhu9enre5_r1cf33y4j6dyg_stain,True,12,False,True,r1ceuhu9enre5_r1cf33y4j6dyg,True,30000.0,30000.0,350.6557897319981
97,EpeLbOB698N5A,2019-07-23,20:17:43,random_forest_classification,Hamed,2,0.97,0.97,0.991,0.987,0.97,0.956,0.985,48000,12000,"Random Forest: n_estimators=361, max_features=auto, criterion=entropy, min_samples_leaf=13, n_jobs=-1",class_label,9,r1ceuhu9enre5_r1cf33y4j6dyg_no_stain,True,9,False,True,r1ceuhu9enre5_r1cf33y4j6dyg,False,30000.0,30000.0,350.6557897319981
98,62XEzBZZQjOkJ,2019-07-23,17:36:34,random_forest_classification,Hamed,2,0.9670000000000001,0.9670000000000001,0.9940000000000001,0.9940000000000001,0.9670000000000001,0.961,0.973,48000,12000,"Random Forest: n_estimators=361, max_features=auto, criterion=entropy, min_samples_leaf=13, n_jobs=-1",class_label,12,r1cfkpq8n84aj_r1cftg78pbqd7_stain,True,12,False,True,r1cfkpq8n84aj_r1cftg78pbqd7,True,30000.0,30000.0,341.1247717515659
99,a3L655qJd1bVd,2019-07-23,20:19:11,random_forest_classification,Hamed,2,0.9209999999999999,0.9209999999999999,0.976,0.972,0.925,0.884,0.97,48000,12000,"Random Forest: n_estimators=361, max_features=auto, criterion=entropy, min_samples_leaf=13, n_jobs=-1",class_label,9,r1cfkpq8n84aj_r1cftg78pbqd7_no_stain,True,9,False,True,r1cfkpq8n84aj_r1cftg78pbqd7,False,30000.0,30000.0,253.83074265151149
100,6DVAYBWEPkzrM,2019-07-23,17:37:35,random_forest_classification,Hamed,2,0.973,0.973,0.995,0.9940000000000001,0.9740000000000001,0.956,0.992,48000,12000,"Random Forest: n_estimators=361, max_features=auto, criterion=entropy, min_samples_leaf=13, n_jobs=-1",class_label,12,r1cft9f659y9s_r1cfx3nrnc2uw_stain,True,12,False,True,r1cft9f659y9s_r1cfx3nrnc2uw,True,30000.0,30000.0,361.19184129778074
101,QzRWJDgaj5Mm7,2019-07-23,20:19:42,random_forest_classification,Hamed,2,0.972,0.972,0.992,0.9890000000000001,0.972,0.953,0.992,48000,12000,"Random Forest: n_estimators=361, max_features=auto, criterion=entropy, min_samples_leaf=13, n_jobs=-1",class_label,9,r1cft9f659y9s_r1cfx3nrnc2uw_no_stain,True,9,False,True,r1cft9f659y9s_r1cfx3nrnc2uw,False,30000.0,30000.0,357.5550768806932
102,ap7lv8MXaRVOk,2019-07-23,17:38:20,random_forest_classification,Hamed,2,0.973,0.973,0.9940000000000001,0.993,0.973,0.958,0.99,48000,12000,"Random Forest: n_estimators=361, max_features=auto, criterion=entropy, min_samples_leaf=13, n_jobs=-1",class_label,12,r1c84xy5frkf3_r1c8ejr9kezva_stain,True,12,False,True,r1c84xy5frkf3_r1c8ejr9kezva,True,30000.0,30000.0,361.19184129778074
103,66vzbQvVEb69W,2019-07-23,20:19:51,random_forest_classification,Hamed,2,0.97,0.97,0.992,0.99,0.971,0.9540000000000001,0.988,48000,12000,"Random Forest: n_estimators=361, max_features=auto, criterion=entropy, min_samples_leaf=13, n_jobs=-1",class_label,9,r1c84xy5frkf3_r1c8ejr9kezva_no_stain,True,9,False,True,r1c84xy5frkf3_r1c8ejr9kezva,False,30000.0,30000.0,350.6557897319981
104,aWNJjpD15V6lB,2019-07-23,17:38:59,random_forest_classification,Hamed,2,0.983,0.983,0.998,0.998,0.983,0.986,0.98,48000,12000,"Random Forest: n_estimators=361, max_features=auto, criterion=entropy, min_samples_leaf=13, n_jobs=-1",class_label,12,r1cdfr36fb76a_r1cdjmabskps3_stain,True,12,False,True,r1cdfr36fb76a_r1cdjmabskps3,True,30000.0,30000.0,407.45419349259197
105,6pq8QZRjGN77Y,2019-07-23,20:21:33,random_forest_classification,Hamed,2,0.981,0.981,0.996,0.996,0.981,0.9790000000000001,0.983,48000,12000,"Random Forest: n_estimators=361, max_features=auto, criterion=entropy, min_samples_leaf=13, n_jobs=-1",class_label,9,r1cdfr36fb76a_r1cdjmabskps3_no_stain,True,9,False,True,r1cdfr36fb76a_r1cdjmabskps3,False,30000.0,30000.0,396.33162998156956
106,QW9eNQW3rG7j7,2019-07-23,17:41:47,random_forest_classification,Hamed,2,0.9890000000000001,0.9890000000000001,0.9990000000000001,0.9990000000000001,0.9890000000000001,0.991,0.987,48000,12000,"Random Forest: n_estimators=361, max_features=auto, criterion=entropy, min_samples_leaf=13, n_jobs=-1",class_label,12,r1ce3p4vgfu3p_r1ceebve8d6tc_stain,True,12,False,True,r1ce3p4vgfu3p_r1ceebve8d6tc,True,30000.0,30000.0,450.9860006183776
107,6D3my8Bg5qPQw,2019-07-23,18:35:01,random_forest_classification,Hamed,2,0.981,0.981,0.996,0.9940000000000001,0.981,0.9740000000000001,0.988,48000,12000,"Random Forest: n_estimators=361, max_features=auto, criterion=entropy, min_samples_leaf=13, n_jobs=-1",class_label,9,r1ce3p4vgfu3p_r1ceebve8d6tc_no_stain,True,9,False,True,r1ce3p4vgfu3p_r1ceebve8d6tc,False,30000.0,30000.0,396.33162998156956
108,668WRNv7kEy1N,2019-07-23,17:42:36,random_forest_classification,Hamed,2,0.981,0.981,0.997,0.996,0.981,0.9790000000000001,0.983,48000,12000,"Random Forest: n_estimators=361, max_features=auto, criterion=entropy, min_samples_leaf=13, n_jobs=-1",class_label,12,r1cdfr5gjs72s_r1cdk2gjusax6_stain,True,12,False,True,r1cdfr5gjs72s_r1cdk2gjusax6,True,30000.0,30000.0,396.33162998156956
109,QOEwg1Q2vz3xD,2019-07-23,20:22:04,random_forest_classification,Hamed,2,0.9790000000000001,0.9790000000000001,0.997,0.996,0.9790000000000001,0.975,0.9840000000000001,48000,12000,"Random Forest: n_estimators=361, max_features=auto, criterion=entropy, min_samples_leaf=13, n_jobs=-1",class_label,9,r1cdfr5gjs72s_r1cdk2gjusax6_no_stain,True,9,False,True,r1cdfr5gjs72s_r1cdk2gjusax6,False,30000.0,30000.0,386.32328412587185
110,QMRYZoZ5OrZE3,2019-07-23,17:42:41,random_forest_classification,Hamed,2,0.996,0.996,1.0,1.0,0.995,0.993,0.996,39797,9950,"Random Forest: n_estimators=361, max_features=auto, criterion=entropy, min_samples_leaf=13, n_jobs=-1",class_label,12,r1cgbw9ww9g9h_r1cgjg8e8xeav_stain,True,12,False,True,r1cgbw9ww9g9h_r1cgjg8e8xeav,True,30000.0,19747.0,552.1460917862245
111,EWDDeRgMm3ZaA,2019-07-23,20:21:56,random_forest_classification,Hamed,2,0.996,0.996,1.0,0.9990000000000001,0.995,0.9940000000000001,0.996,39797,9950,"Random Forest: n_estimators=361, max_features=auto, criterion=entropy, min_samples_leaf=13, n_jobs=-1",class_label,9,r1cgbw9ww9g9h_r1cgjg8e8xeav_no_stain,True,9,False,True,r1cgbw9ww9g9h_r1cgjg8e8xeav,False,30000.0,19747.0,552.1460917862245
112,62Jaw93MVPy2M,2019-07-23,17:43:48,random_forest_classification,Hamed,2,0.9640000000000001,0.96,0.992,0.9670000000000001,0.892,0.8390000000000001,0.953,22260,5566,"Random Forest: n_estimators=361, max_features=auto, criterion=entropy, min_samples_leaf=13, n_jobs=-1",class_label,12,r1c5vac658fxn_r1c66qw595ydy_stain,True,12,False,True,r1c5vac658fxn_r1c66qw595ydy,True,23491.0,4335.0,332.4236340526029
113,5dQ8qmD5JJ2Q8,2019-07-23,20:22:07,random_forest_classification,Hamed,2,0.955,0.9440000000000001,0.986,0.948,0.867,0.812,0.9279999999999999,22260,5566,"Random Forest: n_estimators=361, max_features=auto, criterion=entropy, min_samples_leaf=13, n_jobs=-1",class_label,9,r1c5vac658fxn_r1c66qw595ydy_no_stain,True,9,False,True,r1c5vac658fxn_r1c66qw595ydy,False,23491.0,4335.0,310.1092789211816
114,QaBMA8PLN7EdD,2019-07-23,17:43:55,random_forest_classification,Hamed,2,0.963,0.963,0.992,0.9890000000000001,0.9640000000000001,0.951,0.977,48000,12000,"Random Forest: n_estimators=361, max_features=auto, criterion=entropy, min_samples_leaf=13, n_jobs=-1",class_label,12,r1c8xx94j94u7_r1c93ajvdzxz5_stain,True,12,False,True,r1c8xx94j94u7_r1c93ajvdzxz5,True,30000.0,30000.0,329.68373663379117
115,5oJJVx78rABDy,2019-07-23,20:22:54,random_forest_classification,Hamed,2,0.9329999999999999,0.9329999999999999,0.9790000000000001,0.973,0.935,0.905,0.968,48000,12000,"Random Forest: n_estimators=361, max_features=auto, criterion=entropy, min_samples_leaf=13, n_jobs=-1",class_label,9,r1c8xx94j94u7_r1c93ajvdzxz5_no_stain,True,9,False,True,r1c8xx94j94u7_r1c93ajvdzxz5,False,30000.0,30000.0,270.306265959117
116,5oyLYdvPLjGGG,2019-07-23,17:45:37,random_forest_classification,Hamed,2,0.996,0.996,1.0,0.9990000000000001,0.992,0.988,0.995,32464,8116,"Random Forest: n_estimators=361, max_features=auto, criterion=entropy, min_samples_leaf=13, n_jobs=-1",class_label,12,r1d6r8ztq8zfa7_r1d952nn9xk753_stain,True,12,False,True,r1d6r8ztq8zfa7_r1d952nn9xk753,True,30000.0,10580.0,552.1460917862245
117,QyGDPMOd1wD9P,2019-07-23,20:23:07,random_forest_classification,Hamed,2,0.996,0.996,0.9990000000000001,0.998,0.992,0.99,0.995,32464,8116,"Random Forest: n_estimators=361, max_features=auto, criterion=entropy, min_samples_leaf=13, n_jobs=-1",class_label,9,r1d6r8ztq8zfa7_r1d952nn9xk753_no_stain,True,9,False,True,r1d6r8ztq8zfa7_r1d952nn9xk753,False,30000.0,10580.0,552.1460917862245
118,5ZgQq676bpegN,2019-07-23,17:47:34,random_forest_classification,Hamed,2,0.985,0.983,0.998,0.996,0.973,0.966,0.9790000000000001,12819,3205,"Random Forest: n_estimators=361, max_features=auto, criterion=entropy, min_samples_leaf=13, n_jobs=-1",class_label,12,r1c7cppfr7yp6_r1c7jnv3pkbsj_stain,True,12,False,True,r1c7cppfr7yp6_r1c7jnv3pkbsj,True,11689.0,4335.0,419.97050778799263
119,aYDG2lVzEzqjV,2019-07-23,20:23:59,random_forest_classification,Hamed,2,0.982,0.981,0.998,0.996,0.9670000000000001,0.958,0.977,12819,3205,"Random Forest: n_estimators=361, max_features=auto, criterion=entropy, min_samples_leaf=13, n_jobs=-1",class_label,9,r1c7cppfr7yp6_r1c7jnv3pkbsj_no_stain,True,9,False,True,r1c7cppfr7yp6_r1c7jnv3pkbsj,False,11689.0,4335.0,401.73835210859716
120,aLzAv2lXWzdlB,2019-07-23,17:48:27,random_forest_classification,Hamed,2,0.9640000000000001,0.9640000000000001,0.9940000000000001,0.993,0.965,0.951,0.978,48000,12000,"Random Forest: n_estimators=361, max_features=auto, criterion=entropy, min_samples_leaf=13, n_jobs=-1",class_label,12,r1cdfsf4ezew3_r1cdjsyza79sr_stain,True,12,False,True,r1cdfsf4ezew3_r1cdjsyza79sr,True,30000.0,30000.0,332.4236340526029
121,5ZDVBYgzdOmdb,2019-07-23,20:25:04,random_forest_classification,Hamed,2,0.96,0.96,0.9890000000000001,0.985,0.96,0.9440000000000001,0.978,48000,12000,"Random Forest: n_estimators=361, max_features=auto, criterion=entropy, min_samples_leaf=13, n_jobs=-1",class_label,9,r1cdfsf4ezew3_r1cdjsyza79sr_no_stain,True,9,False,True,r1cdfsf4ezew3_r1cdjsyza79sr,False,30000.0,30000.0,321.88758248681995
122,66OaL7vLgXzyl,2019-07-23,17:49:26,random_forest_classification,Hamed,2,0.976,0.976,0.996,0.995,0.977,0.9690000000000001,0.9840000000000001,48000,12000,"Random Forest: n_estimators=361, max_features=auto, criterion=entropy, min_samples_leaf=13, n_jobs=-1",class_label,12,r1c5vab4q2yu9_r1c63c2e7z9hj_stain,True,12,False,True,r1c5vab4q2yu9_r1c63c2e7z9hj,True,30000.0,30000.0,372.9701448634191
123,Eo6OGlA7pv1QY,2019-07-23,20:25:19,random_forest_classification,Hamed,2,0.9520000000000001,0.9520000000000001,0.988,0.985,0.953,0.934,0.972,48000,12000,"Random Forest: n_estimators=361, max_features=auto, criterion=entropy, min_samples_leaf=13, n_jobs=-1",class_label,9,r1c5vab4q2yu9_r1c63c2e7z9hj_no_stain,True,9,False,True,r1c5vab4q2yu9_r1c63c2e7z9hj,False,30000.0,30000.0,303.65542680742476
124,Em2VG3oP8Reaz,2019-07-23,17:49:38,random_forest_classification,Hamed,2,0.98,0.98,0.997,0.996,0.98,0.975,0.985,48000,12000,"Random Forest: n_estimators=361, max_features=auto, criterion=entropy, min_samples_leaf=13, n_jobs=-1",class_label,12,r1ce3phrwnkqt_r1ceb8fj2hj9a_stain,True,12,False,True,r1ce3phrwnkqt_r1ceb8fj2hj9a,True,30000.0,30000.0,391.2023005428145
125,6eGOpYAzyzYO,2019-07-23,20:25:49,random_forest_classification,Hamed,2,0.975,0.975,0.995,0.9940000000000001,0.976,0.965,0.986,48000,12000,"Random Forest: n_estimators=361, max_features=auto, criterion=entropy, min_samples_leaf=13, n_jobs=-1",class_label,9,r1ce3phrwnkqt_r1ceb8fj2hj9a_no_stain,True,9,False,True,r1ce3phrwnkqt_r1ceb8fj2hj9a,False,30000.0,30000.0,368.88794541139356
126,ENgDBlGrZx2WP,2019-07-23,17:52:00,random_forest_classification,Hamed,2,0.976,0.976,0.996,0.995,0.977,0.9640000000000001,0.9890000000000001,48000,12000,"Random Forest: n_estimators=361, max_features=auto, criterion=entropy, min_samples_leaf=13, n_jobs=-1",class_label,12,r1c9tpmcezpk2_r1c9wjnedp92f_stain,True,12,False,True,r1c9tpmcezpk2_r1c9wjnedp92f,True,30000.0,30000.0,372.9701448634191
127,5aqlwrk83lx5,2019-07-23,20:25:49,random_forest_classification,Hamed,2,0.971,0.971,0.992,0.99,0.972,0.9540000000000001,0.99,48000,12000,"Random Forest: n_estimators=361, max_features=auto, criterion=entropy, min_samples_leaf=13, n_jobs=-1",class_label,9,r1c9tpmcezpk2_r1c9wjnedp92f_no_stain,True,9,False,True,r1c9tpmcezpk2_r1c9wjnedp92f,False,30000.0,30000.0,354.0459448995662
128,Eak2EyWVq9M9x,2019-07-23,17:53:49,random_forest_classification,Hamed,2,0.988,0.988,0.998,0.996,0.988,0.9790000000000001,0.996,48000,12000,"Random Forest: n_estimators=361, max_features=auto, criterion=entropy, min_samples_leaf=13, n_jobs=-1",class_label,12,r1cfkpsmdkgjb_r1cfqbcwrk6vu_stain,True,12,False,True,r1cfkpsmdkgjb_r1cfqbcwrk6vu,True,30000.0,30000.0,442.2848629194136
129,66orG5Q77p6wO,2019-07-23,20:27:05,random_forest_classification,Hamed,2,0.988,0.988,0.998,0.997,0.988,0.98,0.996,48000,12000,"Random Forest: n_estimators=361, max_features=auto, criterion=entropy, min_samples_leaf=13, n_jobs=-1",class_label,9,r1cfkpsmdkgjb_r1cfqbcwrk6vu_no_stain,True,9,False,True,r1cfkpsmdkgjb_r1cfqbcwrk6vu,False,30000.0,30000.0,442.2848629194136
130,6dQExV5rbaob3,2019-07-23,17:54:44,random_forest_classification,Hamed,2,0.995,0.995,1.0,0.9990000000000001,0.995,0.991,0.998,44501,11126,"Random Forest: n_estimators=361, max_features=auto, criterion=entropy, min_samples_leaf=13, n_jobs=-1",class_label,12,r1d6r8p5ddgsut_r1d8fgr2efzrhj_stain,True,12,False,True,r1d6r8p5ddgsut_r1d8fgr2efzrhj,True,30000.0,25627.0,529.8317366548035
131,aX3aEvQLEqlRo,2019-07-23,17:54:54,random_forest_classification,Hamed,2,0.982,0.982,0.998,0.998,0.982,0.978,0.985,48000,12000,"Random Forest: n_estimators=361, max_features=auto, criterion=entropy, min_samples_leaf=13, n_jobs=-1",class_label,12,r1ce3p63vnpzq_r1cee5f7knupg_stain,True,12,False,True,r1ce3p63vnpzq_r1cee5f7knupg,True,30000.0,30000.0,401.73835210859716
132,aMLr3LNa52doo,2019-07-23,20:27:16,random_forest_classification,Hamed,2,0.97,0.97,0.9940000000000001,0.992,0.971,0.9590000000000001,0.983,48000,12000,"Random Forest: n_estimators=361, max_features=auto, criterion=entropy, min_samples_leaf=13, n_jobs=-1",class_label,9,r1ce3p63vnpzq_r1cee5f7knupg_no_stain,True,9,False,True,r1ce3p63vnpzq_r1cee5f7knupg,False,30000.0,30000.0,350.6557897319981
133,6qEmZbwVpdMxN,2019-07-23,17:57:36,random_forest_classification,Hamed,2,0.991,0.991,0.9990000000000001,0.9990000000000001,0.991,0.993,0.9890000000000001,48000,12000,"Random Forest: n_estimators=361, max_features=auto, criterion=entropy, min_samples_leaf=13, n_jobs=-1",class_label,12,r1ch7zwzznes3_r1cheagmxcqvt_stain,True,12,False,True,r1ch7zwzznes3_r1cheagmxcqvt,True,30000.0,30000.0,471.0530701645917
134,Evy7XyJErN1QY,2019-07-23,20:27:34,random_forest_classification,Hamed,2,0.976,0.976,0.993,0.991,0.976,0.965,0.988,48000,12000,"Random Forest: n_estimators=361, max_features=auto, criterion=entropy, min_samples_leaf=13, n_jobs=-1",class_label,9,r1ch7zwzznes3_r1cheagmxcqvt_no_stain,True,9,False,True,r1ch7zwzznes3_r1cheagmxcqvt,False,30000.0,30000.0,372.9701448634191
135,QadGZ7BB1d35r,2019-07-23,17:58:17,random_forest_classification,Hamed,2,0.975,0.975,0.996,0.9940000000000001,0.975,0.9620000000000001,0.988,48000,12000,"Random Forest: n_estimators=361, max_features=auto, criterion=entropy, min_samples_leaf=13, n_jobs=-1",class_label,12,r1c8xx6qe9eea_r1c93enbf48t7_stain,True,12,False,True,r1c8xx6qe9eea_r1c93enbf48t7,True,30000.0,30000.0,368.88794541139356
136,QRk1DLGbPMw6e,2019-07-23,20:28:57,random_forest_classification,Hamed,2,0.9590000000000001,0.9590000000000001,0.9890000000000001,0.986,0.96,0.94,0.981,48000,12000,"Random Forest: n_estimators=361, max_features=auto, criterion=entropy, min_samples_leaf=13, n_jobs=-1",class_label,9,r1c8xx6qe9eea_r1c93enbf48t7_no_stain,True,9,False,True,r1c8xx6qe9eea_r1c93enbf48t7,False,30000.0,30000.0,319.4183212277831
137,QRwX5XmM3ZwLe,2019-07-23,17:58:32,random_forest_classification,Hamed,2,0.991,0.991,0.9990000000000001,0.998,0.983,0.976,0.9890000000000001,32380,8096,"Random Forest: n_estimators=361, max_features=auto, criterion=entropy, min_samples_leaf=13, n_jobs=-1",class_label,12,r1cbut6a79n9t_r1cc34mkuvzeh_stain,True,12,False,True,r1cbut6a79n9t_r1cc34mkuvzeh,True,30000.0,10476.0,471.0530701645917
138,apGMNPPyABVgR,2019-07-23,18:35:42,random_forest_classification,Hamed,2,0.991,0.991,0.9990000000000001,0.998,0.983,0.976,0.991,32380,8096,"Random Forest: n_estimators=361, max_features=auto, criterion=entropy, min_samples_leaf=13, n_jobs=-1",class_label,9,r1cbut6a79n9t_r1cc34mkuvzeh_no_stain,True,9,False,True,r1cbut6a79n9t_r1cc34mkuvzeh,False,30000.0,10476.0,471.0530701645917
139,6pxz81byRLA8N,2019-07-23,17:58:44,random_forest_classification,Hamed,2,0.965,0.965,0.9940000000000001,0.993,0.966,0.953,0.9790000000000001,48000,12000,"Random Forest: n_estimators=361, max_features=auto, criterion=entropy, min_samples_leaf=13, n_jobs=-1",class_label,12,r1cfkprehr2fj_r1cft8f7cbsp7_stain,True,12,False,True,r1cfkprehr2fj_r1cft8f7cbsp7,True,30000.0,30000.0,335.24072174927227
140,a7zWrMWj5MzWw,2019-07-23,20:29:11,random_forest_classification,Hamed,2,0.951,0.951,0.986,0.982,0.953,0.9229999999999999,0.9840000000000001,48000,12000,"Random Forest: n_estimators=361, max_features=auto, criterion=entropy, min_samples_leaf=13, n_jobs=-1",class_label,9,r1cfkprehr2fj_r1cft8f7cbsp7_no_stain,True,9,False,True,r1cfkprehr2fj_r1cft8f7cbsp7,False,30000.0,30000.0,301.5934980871509
141,QwGDoJ28ABrP,2019-07-23,18:02:26,random_forest_classification,Hamed,2,0.9940000000000001,0.993,1.0,0.998,0.977,0.965,0.99,27301,6826,"Random Forest: n_estimators=361, max_features=auto, criterion=entropy, min_samples_leaf=13, n_jobs=-1",class_label,12,r1d9xx8rjarjuw_r1da5tgwjasvw3_stain,True,12,False,True,r1d9xx8rjarjuw_r1da5tgwjasvw3,True,30000.0,4127.0,511.59958097541
142,aWrM3vdxLMr1V,2019-07-23,20:30:53,random_forest_classification,Hamed,2,0.995,0.992,1.0,0.998,0.98,0.97,0.9890000000000001,27301,6826,"Random Forest: n_estimators=361, max_features=auto, criterion=entropy, min_samples_leaf=13, n_jobs=-1",class_label,9,r1d9xx8rjarjuw_r1da5tgwjasvw3_no_stain,True,9,False,True,r1d9xx8rjarjuw_r1da5tgwjasvw3,False,30000.0,4127.0,529.8317366548035
143,axMex9p6m5wd,2019-07-23,18:02:38,random_forest_classification,Hamed,2,0.995,0.995,1.0,1.0,0.995,0.9940000000000001,0.996,48000,12000,"Random Forest: n_estimators=361, max_features=auto, criterion=entropy, min_samples_leaf=13, n_jobs=-1",class_label,12,r1d6r8ykf868ep_r1d98fh76wrqp7_stain,True,12,False,True,r1d6r8ykf868ep_r1d98fh76wrqp7,True,30000.0,30000.0,529.8317366548035
144,QrkPeVlgEXQ7,2019-07-23,19:50:00,random_forest_classification,Hamed,2,0.9940000000000001,0.9940000000000001,0.9990000000000001,0.9990000000000001,0.995,0.992,0.998,48000,12000,"Random Forest: n_estimators=361, max_features=auto, criterion=entropy, min_samples_leaf=13, n_jobs=-1",class_label,9,r1d6r8ykf868ep_r1d98fh76wrqp7_no_stain,True,9,False,True,r1d6r8ykf868ep_r1d98fh76wrqp7,False,30000.0,30000.0,511.59958097541
145,aWxmzwq6Bg21m,2019-07-23,20:30:54,random_forest_classification,Hamed,2,0.995,0.995,0.9990000000000001,0.9990000000000001,0.995,0.992,0.998,48000,12000,"Random Forest: n_estimators=361, max_features=auto, criterion=entropy, min_samples_leaf=13, n_jobs=-1",class_label,9,r1d6r8ykf868ep_r1d98fh76wrqp7_no_stain,True,9,False,True,r1d6r8ykf868ep_r1d98fh76wrqp7,False,30000.0,30000.0,529.8317366548035
146,QzMlbXRr2gB2o,2019-07-23,18:03:40,random_forest_classification,Hamed,2,0.995,0.995,1.0,1.0,0.995,0.993,0.997,48000,12000,"Random Forest: n_estimators=361, max_features=auto, criterion=entropy, min_samples_leaf=13, n_jobs=-1",class_label,12,r1d6r932unhafk_r1d93nuytthhp4_stain,True,12,False,True,r1d6r932unhafk_r1d93nuytthhp4,True,30000.0,30000.0,529.8317366548035
147,Ea8JowB1mRzey,2019-07-23,20:31:22,random_forest_classification,Hamed,2,0.995,0.995,1.0,1.0,0.995,0.993,0.998,48000,12000,"Random Forest: n_estimators=361, max_features=auto, criterion=entropy, min_samples_leaf=13, n_jobs=-1",class_label,9,r1d6r932unhafk_r1d93nuytthhp4_no_stain,True,9,False,True,r1d6r932unhafk_r1d93nuytthhp4,False,30000.0,30000.0,529.8317366548035
148,QMay9yqkDPzWq,2019-07-23,18:04:09,random_forest_classification,Hamed,2,0.958,0.958,0.991,0.99,0.9590000000000001,0.932,0.987,48000,12000,"Random Forest: n_estimators=361, max_features=auto, criterion=entropy, min_samples_leaf=13, n_jobs=-1",class_label,12,r1cbajqru7kbe_r1cbe9p9zu6dh_stain,True,12,False,True,r1cbajqru7kbe_r1cbe9p9zu6dh,True,30000.0,30000.0,317.0085660698768
149,EeGBdm75xe3GY,2019-07-23,20:31:40,random_forest_classification,Hamed,2,0.956,0.956,0.991,0.9890000000000001,0.9570000000000001,0.93,0.987,48000,12000,"Random Forest: n_estimators=361, max_features=auto, criterion=entropy, min_samples_leaf=13, n_jobs=-1",class_label,9,r1cbajqru7kbe_r1cbe9p9zu6dh_no_stain,True,9,False,True,r1cbajqru7kbe_r1cbe9p9zu6dh,False,30000.0,30000.0,312.3565645063875
150,EWe7bRPqd66GY,2019-07-23,18:05:37,random_forest_classification,Hamed,2,0.997,0.9640000000000001,0.997,0.956,0.887,0.848,0.9309999999999999,24286,6072,"Random Forest: n_estimators=361, max_features=auto, criterion=entropy, min_samples_leaf=13, n_jobs=-1",class_label,12,r1cwvvvj2bh6hc_r1cx4pbeyv2q29_stain,True,12,False,True,r1cwvvvj2bh6hc_r1cx4pbeyv2q29,True,30000.0,358.0,580.9142990314027
151,QyOe8dJM6OyNe,2019-07-23,18:35:36,random_forest_classification,Hamed,2,0.998,0.971,0.997,0.9640000000000001,0.907,0.872,0.9440000000000001,24286,6072,"Random Forest: n_estimators=361, max_features=auto, criterion=entropy, min_samples_leaf=13, n_jobs=-1",class_label,9,r1cwvvvj2bh6hc_r1cx4pbeyv2q29_no_stain,True,9,False,True,r1cwvvvj2bh6hc_r1cx4pbeyv2q29,False,30000.0,358.0,621.4608098422191
152,6D3a88vZ5pVGO,2019-07-23,18:06:22,random_forest_classification,Hamed,2,0.9109999999999999,0.9109999999999999,0.971,0.971,0.912,0.9009999999999999,0.9229999999999999,48000,12000,"Random Forest: n_estimators=361, max_features=auto, criterion=entropy, min_samples_leaf=13, n_jobs=-1",class_label,12,r1cbajrxthe7y_r1cbdzkebbd46_stain,True,12,False,True,r1cbajrxthe7y_r1cbdzkebbd46,True,30000.0,30000.0,241.91189092499962
153,EelLqZL3e7LXM,2019-07-23,20:31:43,random_forest_classification,Hamed,2,0.915,0.915,0.973,0.972,0.9159999999999999,0.902,0.93,48000,12000,"Random Forest: n_estimators=361, max_features=auto, criterion=entropy, min_samples_leaf=13, n_jobs=-1",class_label,9,r1cbajrxthe7y_r1cbdzkebbd46_no_stain,True,9,False,True,r1cbajrxthe7y_r1cbdzkebbd46,False,30000.0,30000.0,246.5104022491821
154,5o1qdpMAgRdQb,2019-07-23,18:07:09,random_forest_classification,Hamed,2,0.982,0.982,0.998,0.998,0.983,0.982,0.985,45064,11266,"Random Forest: n_estimators=361, max_features=auto, criterion=entropy, min_samples_leaf=13, n_jobs=-1",class_label,12,r1c84xvquwxth_r1c8ek7vcmdxh_stain,True,12,False,True,r1c84xvquwxth_r1c8ek7vcmdxh,True,26330.0,30000.0,401.73835210859716
155,EeO6eAbADyMxe,2019-07-23,20:31:53,random_forest_classification,Hamed,2,0.971,0.97,0.9940000000000001,0.993,0.973,0.9590000000000001,0.987,45064,11266,"Random Forest: n_estimators=361, max_features=auto, criterion=entropy, min_samples_leaf=13, n_jobs=-1",class_label,9,r1c84xvquwxth_r1c8ek7vcmdxh_no_stain,True,9,False,True,r1c84xvquwxth_r1c8ek7vcmdxh,False,26330.0,30000.0,354.0459448995662
156,EroP1r9yq6Wk8,2019-07-23,18:07:30,random_forest_classification,Hamed,2,0.993,0.993,0.9990000000000001,0.997,0.993,0.99,0.995,48000,12000,"Random Forest: n_estimators=361, max_features=auto, criterion=entropy, min_samples_leaf=13, n_jobs=-1",class_label,12,r1cyeye2du6ep8_r1cysfjkjjphqj_stain,True,12,False,True,r1cyeye2du6ep8_r1cysfjkjjphqj,True,30000.0,30000.0,496.18451299268224
157,5V6dPlRJgY8ly,2019-07-23,20:32:23,random_forest_classification,Hamed,2,0.987,0.987,0.997,0.995,0.987,0.9790000000000001,0.995,48000,12000,"Random Forest: n_estimators=361, max_features=auto, criterion=entropy, min_samples_leaf=13, n_jobs=-1",class_label,9,r1cyeye2du6ep8_r1cysfjkjjphqj_no_stain,True,9,False,True,r1cyeye2du6ep8_r1cysfjkjjphqj,False,30000.0,30000.0,434.28059215205997
158,Qo6Gxj6k5B3kk,2019-07-23,18:09:59,random_forest_classification,Hamed,2,0.986,0.986,0.998,0.998,0.986,0.98,0.992,48000,12000,"Random Forest: n_estimators=361, max_features=auto, criterion=entropy, min_samples_leaf=13, n_jobs=-1",class_label,12,r1c9tpk5zrbsk_r1c9wpbvjszxe_stain,True,12,False,True,r1c9tpk5zrbsk_r1c9wpbvjszxe,True,30000.0,30000.0,426.8697949366878
159,QoVgveGOkVg1k,2019-07-23,20:33:21,random_forest_classification,Hamed,2,0.971,0.971,0.993,0.992,0.972,0.953,0.991,48000,12000,"Random Forest: n_estimators=361, max_features=auto, criterion=entropy, min_samples_leaf=13, n_jobs=-1",class_label,9,r1c9tpk5zrbsk_r1c9wpbvjszxe_no_stain,True,9,False,True,r1c9tpk5zrbsk_r1c9wpbvjszxe,False,30000.0,30000.0,354.0459448995662
160,5WBpGv7bLwOP5,2019-07-23,18:11:14,random_forest_classification,Hamed,2,0.977,0.977,0.997,0.997,0.977,0.983,0.971,48000,12000,"Random Forest: n_estimators=361, max_features=auto, criterion=entropy, min_samples_leaf=13, n_jobs=-1",class_label,12,r1cctw8wvwpbg_r1ccwteetw82v_stain,True,12,False,True,r1cctw8wvwpbg_r1ccwteetw82v,True,30000.0,30000.0,377.22610630529863
161,EvRMyog8OzBMe,2019-07-23,20:34:28,random_forest_classification,Hamed,2,0.97,0.97,0.9940000000000001,0.992,0.97,0.968,0.972,48000,12000,"Random Forest: n_estimators=361, max_features=auto, criterion=entropy, min_samples_leaf=13, n_jobs=-1",class_label,9,r1cctw8wvwpbg_r1ccwteetw82v_no_stain,True,9,False,True,r1cctw8wvwpbg_r1ccwteetw82v,False,30000.0,30000.0,350.6557897319981
162,QaDNL2YqXQr8o,2019-07-23,18:12:26,random_forest_classification,Hamed,2,0.973,0.973,0.995,0.9940000000000001,0.973,0.966,0.98,48000,12000,"Random Forest: n_estimators=361, max_features=auto, criterion=entropy, min_samples_leaf=13, n_jobs=-1",class_label,12,r1ccqfas8urfk_r1cctk2a3wbk5_stain,True,12,False,True,r1ccqfas8urfk_r1cctk2a3wbk5,True,30000.0,30000.0,361.19184129778074
163,EvMp9R13YVlwx,2019-07-23,19:15:43,random_forest_classification,Hamed,2,0.97,0.97,0.993,0.9890000000000001,0.97,0.963,0.978,48000,12000,"Random Forest: n_estimators=361, max_features=auto, criterion=entropy, min_samples_leaf=13, n_jobs=-1",class_label,9,r1ccqfas8urfk_r1cctk2a3wbk5_no_stain,True,9,False,True,r1ccqfas8urfk_r1cctk2a3wbk5,False,30000.0,30000.0,350.6557897319981
164,6pd6Z8ew8x3v3,2019-07-23,18:12:47,random_forest_classification,Hamed,2,0.997,0.997,1.0,1.0,0.997,0.997,0.997,48000,12000,"Random Forest: n_estimators=361, max_features=auto, criterion=entropy, min_samples_leaf=13, n_jobs=-1",class_label,12,r1cbajphx4ekf_r1cbeec6cxn2t_stain,True,12,False,True,r1cbajphx4ekf_r1cbeec6cxn2t,True,30000.0,30000.0,580.9142990314027
165,EMeZrBxGdB89x,2019-07-23,20:35:01,random_forest_classification,Hamed,2,0.993,0.993,0.9990000000000001,0.9990000000000001,0.993,0.9890000000000001,0.998,48000,12000,"Random Forest: n_estimators=361, max_features=auto, criterion=entropy, min_samples_leaf=13, n_jobs=-1",class_label,9,r1cbajphx4ekf_r1cbeec6cxn2t_no_stain,True,9,False,True,r1cbajphx4ekf_r1cbeec6cxn2t,False,30000.0,30000.0,496.18451299268224
166,5MO7APb3x3ooY,2019-07-23,18:15:33,random_forest_classification,Hamed,2,0.958,0.958,0.992,0.991,0.958,0.9570000000000001,0.96,48000,12000,"Random Forest: n_estimators=361, max_features=auto, criterion=entropy, min_samples_leaf=13, n_jobs=-1",class_label,12,r1ce3pndp353t_r1ce7xkybfnqd_stain,True,12,False,True,r1ce3pndp353t_r1ce7xkybfnqd,True,30000.0,30000.0,317.0085660698768
167,QaveOwdN8y5g1,2019-07-23,20:35:32,random_forest_classification,Hamed,2,0.935,0.935,0.9790000000000001,0.9740000000000001,0.937,0.91,0.9670000000000001,48000,12000,"Random Forest: n_estimators=361, max_features=auto, criterion=entropy, min_samples_leaf=13, n_jobs=-1",class_label,9,r1ce3pndp353t_r1ce7xkybfnqd_no_stain,True,9,False,True,r1ce3pndp353t_r1ce7xkybfnqd,False,30000.0,30000.0,273.3368009086501
168,EplpQWNkYrxBA,2019-07-23,18:16:10,random_forest_classification,Hamed,2,0.9840000000000001,0.983,0.998,0.996,0.971,0.963,0.98,12819,3205,"Random Forest: n_estimators=361, max_features=auto, criterion=entropy, min_samples_leaf=13, n_jobs=-1",class_label,12,r1c7cpqp2k6cw_r1c7jn9syrr8s_stain,True,12,False,True,r1c7cpqp2k6cw_r1c7jn9syrr8s,True,11689.0,4335.0,413.5166556742361
169,5o8kjyDBzgNj2,2019-07-23,18:35:46,random_forest_classification,Hamed,2,0.981,0.9790000000000001,0.998,0.996,0.965,0.953,0.977,12819,3205,"Random Forest: n_estimators=361, max_features=auto, criterion=entropy, min_samples_leaf=13, n_jobs=-1",class_label,9,r1c7cpqp2k6cw_r1c7jn9syrr8s_no_stain,True,9,False,True,r1c7cpqp2k6cw_r1c7jn9syrr8s,False,11689.0,4335.0,396.33162998156956
170,6gm36gkrDQwG,2019-07-23,18:16:35,random_forest_classification,Hamed,2,0.9840000000000001,0.9840000000000001,0.998,0.998,0.9840000000000001,0.986,0.982,48000,12000,"Random Forest: n_estimators=361, max_features=auto, criterion=entropy, min_samples_leaf=13, n_jobs=-1",class_label,12,r1cctw6h5fsfg_r1ccx3axsj5ua_stain,True,12,False,True,r1cctw6h5fsfg_r1ccx3axsj5ua,True,30000.0,30000.0,413.5166556742361
171,ERPR5qakmOlr8,2019-07-23,20:35:33,random_forest_classification,Hamed,2,0.978,0.978,0.995,0.9940000000000001,0.9790000000000001,0.9740000000000001,0.983,48000,12000,"Random Forest: n_estimators=361, max_features=auto, criterion=entropy, min_samples_leaf=13, n_jobs=-1",class_label,9,r1cctw6h5fsfg_r1ccx3axsj5ua_no_stain,True,9,False,True,r1cctw6h5fsfg_r1ccx3axsj5ua,False,30000.0,30000.0,381.67128256238203
172,52pyml2LrkBmN,2019-07-23,18:17:05,random_forest_classification,Hamed,2,0.995,0.9890000000000001,0.9990000000000001,0.993,0.956,0.93,0.983,25417,6355,"Random Forest: n_estimators=361, max_features=auto, criterion=entropy, min_samples_leaf=13, n_jobs=-1",class_label,12,r1d6r59sste9m2_r1d8gf8cczkrz9_stain,True,12,False,True,r1d6r59sste9m2_r1d8gf8cczkrz9,True,30000.0,1772.0,529.8317366548035
173,6aozWdyzwoX6q,2019-07-23,18:35:48,random_forest_classification,Hamed,2,0.995,0.99,0.998,0.992,0.96,0.938,0.983,25417,6355,"Random Forest: n_estimators=361, max_features=auto, criterion=entropy, min_samples_leaf=13, n_jobs=-1",class_label,9,r1d6r59sste9m2_r1d8gf8cczkrz9_no_stain,True,9,False,True,r1d6r59sste9m2_r1d8gf8cczkrz9,False,30000.0,1772.0,529.8317366548035
174,6W9y8P27am8zl,2019-07-23,18:17:27,random_forest_classification,Hamed,2,0.997,0.9940000000000001,1.0,0.997,0.98,0.97,0.99,25944,6486,"Random Forest: n_estimators=361, max_features=auto, criterion=entropy, min_samples_leaf=13, n_jobs=-1",class_label,12,r1d6r58jnct63g_r1d8kxz5ndkxyh_stain,True,12,False,True,r1d6r58jnct63g_r1d8kxz5ndkxyh,True,30000.0,2430.0,580.9142990314027
175,EvNZ2MRbVpxey,2019-07-23,19:15:45,random_forest_classification,Hamed,2,0.997,0.9940000000000001,0.9990000000000001,0.997,0.982,0.9740000000000001,0.99,25944,6486,"Random Forest: n_estimators=361, max_features=auto, criterion=entropy, min_samples_leaf=13, n_jobs=-1",class_label,9,r1d6r58jnct63g_r1d8kxz5ndkxyh_no_stain,True,9,False,True,r1d6r58jnct63g_r1d8kxz5ndkxyh,False,30000.0,2430.0,580.9142990314027
176,5JOG18R55DkjN,2019-07-23,18:17:36,random_forest_classification,Hamed,2,0.995,0.992,0.996,0.992,0.96,0.934,0.988,25652,6413,"Random Forest: n_estimators=361, max_features=auto, criterion=entropy, min_samples_leaf=13, n_jobs=-1",class_label,12,r1d6r5b24f9a9z_r1d8cyvjthnvvt_stain,True,12,False,True,r1d6r5b24f9a9z_r1d8cyvjthnvvt,True,30000.0,2065.0,529.8317366548035
177,5WMpGP6NqNQvr,2019-07-23,19:15:48,random_forest_classification,Hamed,2,0.995,0.991,0.998,0.993,0.9640000000000001,0.9440000000000001,0.985,25652,6413,"Random Forest: n_estimators=361, max_features=auto, criterion=entropy, min_samples_leaf=13, n_jobs=-1",class_label,9,r1d6r5b24f9a9z_r1d8cyvjthnvvt_no_stain,True,9,False,True,r1d6r5b24f9a9z_r1d8cyvjthnvvt,False,30000.0,2065.0,529.8317366548035
178,6pEx9RJ616gNO,2019-07-23,18:20:00,random_forest_classification,Hamed,2,0.9740000000000001,0.9740000000000001,0.993,0.991,0.9740000000000001,0.96,0.988,48000,12000,"Random Forest: n_estimators=361, max_features=auto, criterion=entropy, min_samples_leaf=13, n_jobs=-1",class_label,12,r1cf3p48cauwv_r1cf6hech88mh_stain,True,12,False,True,r1cf3p48cauwv_r1cf6hech88mh,True,30000.0,30000.0,364.9658740960658
179,QRa6NvDvYZZlr,2019-07-23,20:35:52,random_forest_classification,Hamed,2,0.9740000000000001,0.9740000000000001,0.992,0.988,0.9740000000000001,0.96,0.9890000000000001,48000,12000,"Random Forest: n_estimators=361, max_features=auto, criterion=entropy, min_samples_leaf=13, n_jobs=-1",class_label,9,r1cf3p48cauwv_r1cf6hech88mh_no_stain,True,9,False,True,r1cf3p48cauwv_r1cf6hech88mh,False,30000.0,30000.0,364.9658740960658
180,EWO2l2MZ16mLM,2019-07-23,18:20:15,random_forest_classification,Hamed,2,0.98,0.98,0.996,0.995,0.98,0.972,0.987,48000,12000,"Random Forest: n_estimators=361, max_features=auto, criterion=entropy, min_samples_leaf=13, n_jobs=-1",class_label,12,r1cdcerdbpda2_r1cdfphfehzq2_stain,True,12,False,True,r1cdcerdbpda2_r1cdfphfehzq2,True,30000.0,30000.0,391.2023005428145
181,amYk2aOgA9OG6,2019-07-23,20:36:52,random_forest_classification,Hamed,2,0.9790000000000001,0.9790000000000001,0.996,0.9940000000000001,0.98,0.971,0.988,48000,12000,"Random Forest: n_estimators=361, max_features=auto, criterion=entropy, min_samples_leaf=13, n_jobs=-1",class_label,9,r1cdcerdbpda2_r1cdfphfehzq2_no_stain,True,9,False,True,r1cdcerdbpda2_r1cdfphfehzq2,False,30000.0,30000.0,386.32328412587185
182,6lba8pJdv2pVW,2019-07-23,18:20:51,random_forest_classification,Hamed,2,0.9940000000000001,0.9940000000000001,0.9990000000000001,0.9990000000000001,0.9940000000000001,0.99,0.997,48000,12000,"Random Forest: n_estimators=361, max_features=auto, criterion=entropy, min_samples_leaf=13, n_jobs=-1",class_label,12,r1c84xzc5dbuv_r1c8axrywctwb_stain,True,12,False,True,r1c84xzc5dbuv_r1c8axrywctwb,True,30000.0,30000.0,511.59958097541
183,QExqovZQMwAM9,2019-07-23,20:37:50,random_forest_classification,Hamed,2,0.991,0.991,0.998,0.998,0.991,0.985,0.997,48000,12000,"Random Forest: n_estimators=361, max_features=auto, criterion=entropy, min_samples_leaf=13, n_jobs=-1",class_label,9,r1c84xzc5dbuv_r1c8axrywctwb_no_stain,True,9,False,True,r1c84xzc5dbuv_r1c8axrywctwb,False,30000.0,30000.0,471.0530701645917
184,67pAYJJ3qdob3,2019-07-23,18:21:43,random_forest_classification,Hamed,2,0.983,0.983,0.9990000000000001,0.998,0.983,0.976,0.99,48000,12000,"Random Forest: n_estimators=361, max_features=auto, criterion=entropy, min_samples_leaf=13, n_jobs=-1",class_label,12,r1cbut7g7x6pg_r1cc2xauy7qaa_stain,True,12,False,True,r1cbut7g7x6pg_r1cc2xauy7qaa,True,30000.0,30000.0,407.45419349259197
185,59GJJDzJrzaP5,2019-07-23,20:37:58,random_forest_classification,Hamed,2,0.981,0.981,0.997,0.997,0.981,0.972,0.99,48000,12000,"Random Forest: n_estimators=361, max_features=auto, criterion=entropy, min_samples_leaf=13, n_jobs=-1",class_label,9,r1cbut7g7x6pg_r1cc2xauy7qaa_no_stain,True,9,False,True,r1cbut7g7x6pg_r1cc2xauy7qaa,False,30000.0,30000.0,396.33162998156956
186,6AZvXoljkAoyJ,2019-07-23,18:24:48,random_forest_classification,Hamed,2,0.945,0.945,0.985,0.982,0.946,0.922,0.972,48000,12000,"Random Forest: n_estimators=361, max_features=auto, criterion=entropy, min_samples_leaf=13, n_jobs=-1",class_label,12,r1c5va879uaex_r1c639xp952g4_stain,True,12,False,True,r1c5va879uaex_r1c639xp952g4,True,30000.0,30000.0,290.04220937496655
187,Ea7vY9Ejg6lEz,2019-07-23,20:38:22,random_forest_classification,Hamed,2,0.94,0.94,0.982,0.978,0.9420000000000001,0.915,0.971,48000,12000,"Random Forest: n_estimators=361, max_features=auto, criterion=entropy, min_samples_leaf=13, n_jobs=-1",class_label,9,r1c5va879uaex_r1c639xp952g4_no_stain,True,9,False,True,r1c5va879uaex_r1c639xp952g4,False,30000.0,30000.0,281.34107167600354
188,56lr736QrWp5G,2019-07-23,18:25:28,random_forest_classification,Hamed,2,0.993,0.992,1.0,0.997,0.977,0.963,0.99,28129,7033,"Random Forest: n_estimators=361, max_features=auto, criterion=entropy, min_samples_leaf=13, n_jobs=-1",class_label,12,r1cbuszfskzjt_r1cc6ws9c3dh4_stain,True,12,False,True,r1cbuszfskzjt_r1cc6ws9c3dh4,True,30000.0,5162.0,496.18451299268224
189,5WLwxkdz8xepy,2019-07-23,19:15:58,random_forest_classification,Hamed,2,0.993,0.992,1.0,0.997,0.978,0.966,0.99,28129,7033,"Random Forest: n_estimators=361, max_features=auto, criterion=entropy, min_samples_leaf=13, n_jobs=-1",class_label,9,r1cbuszfskzjt_r1cc6ws9c3dh4_no_stain,True,9,False,True,r1cbuszfskzjt_r1cc6ws9c3dh4,False,30000.0,5162.0,496.18451299268224
190,6gQQlaZb7DM9M,2019-07-23,18:25:53,random_forest_classification,Hamed,2,0.975,0.975,0.993,0.99,0.975,0.958,0.993,48000,12000,"Random Forest: n_estimators=361, max_features=auto, criterion=entropy, min_samples_leaf=13, n_jobs=-1",class_label,12,r1cft9gbs55yn_r1cfwthkscwsk_stain,True,12,False,True,r1cft9gbs55yn_r1cfwthkscwsk,True,30000.0,30000.0,368.88794541139356
191,Qj1MmJVVvGYm7,2019-07-23,20:39:42,random_forest_classification,Hamed,2,0.976,0.976,0.992,0.9890000000000001,0.976,0.9590000000000001,0.9940000000000001,48000,12000,"Random Forest: n_estimators=361, max_features=auto, criterion=entropy, min_samples_leaf=13, n_jobs=-1",class_label,9,r1cft9gbs55yn_r1cfwthkscwsk_no_stain,True,9,False,True,r1cft9gbs55yn_r1cfwthkscwsk,False,30000.0,30000.0,372.9701448634191
192,Qagxx8wQNeRB9,2019-07-23,18:26:38,random_forest_classification,Hamed,2,0.977,0.977,0.997,0.997,0.977,0.975,0.9790000000000001,48000,12000,"Random Forest: n_estimators=361, max_features=auto, criterion=entropy, min_samples_leaf=13, n_jobs=-1",class_label,12,r1ce3pm76spw4_r1ceas4zgsdt5_stain,True,12,False,True,r1ce3pm76spw4_r1ceas4zgsdt5,True,30000.0,30000.0,377.22610630529863
193,QopNBXEyQ89Rr,2019-07-23,20:40:27,random_forest_classification,Hamed,2,0.965,0.965,0.991,0.987,0.965,0.9540000000000001,0.977,48000,12000,"Random Forest: n_estimators=361, max_features=auto, criterion=entropy, min_samples_leaf=13, n_jobs=-1",class_label,9,r1ce3pm76spw4_r1ceas4zgsdt5_no_stain,True,9,False,True,r1ce3pm76spw4_r1ceas4zgsdt5,False,30000.0,30000.0,335.24072174927227
194,6aXXZJjA8OpyJ,2019-07-23,18:28:32,random_forest_classification,Hamed,2,0.966,0.966,0.991,0.988,0.966,0.9490000000000001,0.985,48000,12000,"Random Forest: n_estimators=361, max_features=auto, criterion=entropy, min_samples_leaf=13, n_jobs=-1",class_label,12,r1ceuhqmu6c7w_r1cf6snbv99p8_stain,True,12,False,True,r1ceuhqmu6c7w_r1cf6snbv99p8,True,30000.0,30000.0,338.1394754365975
195,QWgmRXMDVrvQ7,2019-07-23,20:40:48,random_forest_classification,Hamed,2,0.966,0.966,0.991,0.987,0.966,0.951,0.982,48000,12000,"Random Forest: n_estimators=361, max_features=auto, criterion=entropy, min_samples_leaf=13, n_jobs=-1",class_label,9,r1ceuhqmu6c7w_r1cf6snbv99p8_no_stain,True,9,False,True,r1ceuhqmu6c7w_r1cf6snbv99p8,False,30000.0,30000.0,338.1394754365975
